example_id,sub_question_id,selector,rate,ground_truth,predicted,f1,em,selected_tokens,question,glm_correct,glm_reason
0,0,oracle_full_attention,0.8,National Cycle Route 57 is part of the United Kingdom's National Cycle Network (NCN).,National Cycle Network,0.23529411764705882,0.0,1050,What network is National Cycle Route 57 part of?,1,预测答案“National Cycle Network”直接包含了标准答案中的核心实体，准确回答了问题所问的归属网络，语义上与标准答案完全一致。
0,0,fusionrag_qk,0.8,National Cycle Route 57 is part of the United Kingdom's National Cycle Network (NCN).,National Cycle Network,0.23529411764705882,0.0,1050,What network is National Cycle Route 57 part of?,1,预测答案“National Cycle Network”直接包含了标准答案中的核心实体，准确回答了问题所问的归属网络，语义上与标准答案完全一致。
0,0,draft_selected_set,0.8,National Cycle Route 57 is part of the United Kingdom's National Cycle Network (NCN).,National Cycle Network (NCN),0.4210526315789474,0.0,1050,What network is National Cycle Route 57 part of?,1,预测答案准确提取了标准答案中的核心实体“National Cycle Network (NCN)”，与标准答案在语义上完全等价，正确回答了问题。
1,0,oracle_full_attention,0.8,"Corfe Mullen, Dorset, England","Corfe Mullen, Dorset, England",1.0,1.0,1036,Where is the headquarters of Julia's House located?,1,"预测答案与标准答案完全一致，都准确包含了“Corfe Mullen, Dorset, England”这一关键地理位置信息，语义上完全等价，正确回答了问题。"
1,0,fusionrag_qk,0.8,"Corfe Mullen, Dorset, England","Corfe Mullen, Dorset, England",1.0,1.0,1036,Where is the headquarters of Julia's House located?,1,"预测答案与标准答案完全一致，都准确包含了“Corfe Mullen, Dorset, England”这一关键地理位置信息，语义上完全等价，正确回答了问题。"
1,0,draft_selected_set,0.8,"Corfe Mullen, Dorset, England","Corfe Mullen, Dorset, England",1.0,1.0,1036,Where is the headquarters of Julia's House located?,1,"预测答案与标准答案完全一致，都准确包含了“Corfe Mullen, Dorset, England”这一关键地理位置信息，语义上完全等价，正确回答了问题。"
2,0,oracle_full_attention,0.8,"Coffee Swamp is located on the northern edge of Washington Island, in Door County, Wisconsin.","Coffee Swamp is located on the northern edge of Washington Island, in Door County Wisconsin.",1.0,1.0,1152,Where is Coffee Swamp located?,1,预测答案包含了标准答案的所有关键信息，即位于华盛顿岛北部、威斯康星州多尔县。两者在语义上完全等价，仅缺少了一个逗号，属于允许的细微措辞差异。
2,0,fusionrag_qk,0.8,"Coffee Swamp is located on the northern edge of Washington Island, in Door County, Wisconsin.","Washington Island, Door County Wisconsin",0.5,0.0,1152,Where is Coffee Swamp located?,1,预测答案包含了标准答案中的核心地理位置信息，即“Washington Island”和“Door County Wisconsin”。虽然它省略了“northern edge of”这一具体方位细节，但已经准确回答了Coffee Swamp所在的核心实体位置，语义上与标准答案保持一致。
2,0,draft_selected_set,0.8,"Coffee Swamp is located on the northern edge of Washington Island, in Door County, Wisconsin.","Coffee Swamp is located on the northern edge of Washington Island, in Door County Wisconsin.",1.0,1.0,1152,Where is Coffee Swamp located?,1,预测答案包含了标准答案的所有关键信息，即位于华盛顿岛北部、威斯康星州多尔县。两者在语义上完全等价，仅缺少了一个逗号，属于允许的细微措辞差异。
3,0,oracle_full_attention,0.8,Johan Ludvig Heiberg is the child of Peter Andreas Heiberg.,Johan Ludvig Heiberg,0.5714285714285715,0.0,923,Who is the child of Peter Andreas Heiberg?,1,预测答案“Johan Ludvig Heiberg”直接给出了问题所问的核心实体，包含了标准答案中的关键信息，与标准答案在语义上完全等价，正确回答了问题。
3,0,fusionrag_qk,0.8,Johan Ludvig Heiberg is the child of Peter Andreas Heiberg.,Johan Ludvig Heiberg,0.5714285714285715,0.0,923,Who is the child of Peter Andreas Heiberg?,1,预测答案“Johan Ludvig Heiberg”直接给出了问题所问的核心实体，包含了标准答案中的关键信息，与标准答案在语义上完全等价，正确回答了问题。
3,0,draft_selected_set,0.8,Johan Ludvig Heiberg is the child of Peter Andreas Heiberg.,Johan Ludvig Heiberg,0.5714285714285715,0.0,923,Who is the child of Peter Andreas Heiberg?,1,预测答案“Johan Ludvig Heiberg”直接给出了问题所问的核心实体，包含了标准答案中的关键信息，与标准答案在语义上完全等价，正确回答了问题。
3,1,oracle_full_attention,0.8,Johanne Luise Heiberg,Johanne Luise Heiberg,1.0,1.0,1082,Who is the spouse of Johan Ludvig Heiberg?,1,预测答案与标准答案完全一致，都明确指出了Johan Ludvig Heiberg的配偶是Johanne Luise Heiberg，准确回答了问题。
3,1,fusionrag_qk,0.8,Johanne Luise Heiberg,Johanne Luise Heiberg,1.0,1.0,1082,Who is the spouse of Johan Ludvig Heiberg?,1,预测答案与标准答案完全一致，都明确指出了Johan Ludvig Heiberg的配偶是Johanne Luise Heiberg，准确回答了问题。
3,1,draft_selected_set,0.8,Johanne Luise Heiberg,Johanne Luise Heiberg,1.0,1.0,1082,Who is the spouse of Johan Ludvig Heiberg?,1,预测答案与标准答案完全一致，都明确指出了Johan Ludvig Heiberg的配偶是Johanne Luise Heiberg，准确回答了问题。
4,0,oracle_full_attention,0.8,"Alice de Lusignan had a uterine half-brother, King Henry III of England.",King Henry III of England,0.4799999999999999,0.0,942,"Who were the siblings of Alice de Lusignan, Countess of Surrey?",1,预测答案“King Henry III of England”准确包含了标准答案中的核心实体信息，即阿丽斯·德·吕西尼昂的同母异父兄弟是英格兰国王亨利三世，两者在语义上完全等价。
4,0,fusionrag_qk,0.8,"Alice de Lusignan had a uterine half-brother, King Henry III of England.","Alice de Lusignan, Countess of Surrey, had siblings including King Henry III of England, Richard, Joan, and Isabella, as she was the uterine half-sister of King Henry III and the daughter of King Henry III's father, King Henry II's brother Richard, Earl of Cornwall",0.4146341463414634,0.0,942,"Who were the siblings of Alice de Lusignan, Countess of Surrey?",0,"预测答案虽然包含了标准答案中的关键信息（King Henry III of England），但额外引入了严重的历史事实错误。预测答案称Alice是Richard, Earl of Cornwall的女儿，这与标准答案中暗示的其作为Henry III同母异父姐妹的身份相矛盾，且Richard并非Henry III的父亲。因此，预测答案在语义上并不等价于标准答案。"
4,0,draft_selected_set,0.8,"Alice de Lusignan had a uterine half-brother, King Henry III of England.",King Henry III of England,0.4799999999999999,0.0,942,"Who were the siblings of Alice de Lusignan, Countess of Surrey?",1,预测答案“King Henry III of England”准确包含了标准答案中的核心实体信息，即阿丽斯·德·吕西尼昂的同母异父兄弟是英格兰国王亨利三世，两者在语义上完全等价。
4,1,oracle_full_attention,0.8,Henry III was first crowned in 1216 at Gloucester Cathedral and had a second coronation on 17 May 1220 at Westminster Abbey.,1220,0.15384615384615385,0.0,1660,When was King Henry III of England crowned?,0,预测答案仅包含了1220年这一时间点，遗漏了1216年首次加冕的关键信息，未能完整回答问题。
4,1,fusionrag_qk,0.8,Henry III was first crowned in 1216 at Gloucester Cathedral and had a second coronation on 17 May 1220 at Westminster Abbey.,1220,0.15384615384615385,0.0,1660,When was King Henry III of England crowned?,0,预测答案仅包含了1220年这一时间点，遗漏了1216年首次加冕的关键信息，未能完整回答问题。
4,1,draft_selected_set,0.8,Henry III was first crowned in 1216 at Gloucester Cathedral and had a second coronation on 17 May 1220 at Westminster Abbey.,1216 and 1220,0.4,0.0,1660,When was King Henry III of England crowned?,1,预测答案准确提取了标准答案中的核心时间信息“1216”和“1220”，完整回答了亨利三世加冕的时间，与标准答案在语义上等价。
6,0,oracle_full_attention,0.8,Ernst Mach was employed at Charles University in Prague.,Charles University in Prague,0.625,0.0,1192,Which university employed Ernst Mach?,1,预测答案“Charles University in Prague”直接包含了标准答案中的核心实体信息，准确回答了问题所问的大学名称，与标准答案在语义上完全等价。
6,0,fusionrag_qk,0.8,Ernst Mach was employed at Charles University in Prague.,Charles University in Prague,0.625,0.0,1192,Which university employed Ernst Mach?,1,预测答案“Charles University in Prague”直接包含了标准答案中的核心实体信息，准确回答了问题所问的大学名称，与标准答案在语义上完全等价。
6,0,draft_selected_set,0.8,Ernst Mach was employed at Charles University in Prague.,Charles University in Prague,0.625,0.0,1192,Which university employed Ernst Mach?,1,预测答案“Charles University in Prague”直接包含了标准答案中的核心实体信息，准确回答了问题所问的大学名称，与标准答案在语义上完全等价。
7,0,oracle_full_attention,0.8,The Mach number is named after the Austrian physicist and philosopher Ernst Mach.,Ernst Mach,0.2857142857142857,0.0,1269,Who is the physicist that the Mach number is named after?,1,预测答案“Ernst Mach”准确包含了标准答案中的核心实体，即物理学家的名字。虽然缺少了关于其国籍和身份的修饰语，但在语义上已经正确且完整地回答了问题。
7,0,fusionrag_qk,0.8,The Mach number is named after the Austrian physicist and philosopher Ernst Mach.,Ernst Mach,0.2857142857142857,0.0,1269,Who is the physicist that the Mach number is named after?,1,预测答案“Ernst Mach”准确包含了标准答案中的核心实体，即物理学家的名字。虽然缺少了关于其国籍和身份的修饰语，但在语义上已经正确且完整地回答了问题。
7,0,draft_selected_set,0.8,The Mach number is named after the Austrian physicist and philosopher Ernst Mach.,Ernst Mach,0.2857142857142857,0.0,1269,Who is the physicist that the Mach number is named after?,1,预测答案“Ernst Mach”准确包含了标准答案中的核心实体，即物理学家的名字。虽然缺少了关于其国籍和身份的修饰语，但在语义上已经正确且完整地回答了问题。
7,1,oracle_full_attention,0.8,Ernst Mach was a professor at Charles University in Prague.,Charles University in Prague,0.625,0.0,1172,Who was Ernst Mach's employer or academic institution during his career?,1,预测答案“Charles University in Prague”准确包含了标准答案中的核心实体信息，即马赫所在的学术机构。虽然它省略了“was a professor at”等修饰性词语，但语义上与标准答案完全一致，正确回答了问题。
7,1,fusionrag_qk,0.8,Ernst Mach was a professor at Charles University in Prague.,University of Vienna,0,0.0,1172,Who was Ernst Mach's employer or academic institution during his career?,0,预测答案给出的机构是“University of Vienna”，而标准答案明确指出恩斯特·马赫是“Charles University in Prague”的教授。两者并非同一机构，预测答案缺少标准答案的核心实体，因此判断为错误。
7,1,draft_selected_set,0.8,Ernst Mach was a professor at Charles University in Prague.,Charles University in Prague,0.625,0.0,1172,Who was Ernst Mach's employer or academic institution during his career?,1,预测答案“Charles University in Prague”准确包含了标准答案中的核心实体信息，即马赫所在的学术机构。虽然它省略了“was a professor at”等修饰性词语，但语义上与标准答案完全一致，正确回答了问题。
9,0,oracle_full_attention,0.8,King Richard I of England,Richard I,0.5,0.0,1598,Which English king trusted William de Longchamp?,1,预测答案“Richard I”与标准答案“King Richard I of England”在语义上完全等价，准确指出了同一位英格兰国王，符合包含关键信息且意思一致的标准。
9,0,fusionrag_qk,0.8,King Richard I of England,Richard I,0.5,0.0,1598,Which English king trusted William de Longchamp?,1,预测答案“Richard I”与标准答案“King Richard I of England”在语义上完全等价，准确指出了同一位英格兰国王，符合包含关键信息且意思一致的标准。
9,0,draft_selected_set,0.8,King Richard I of England,Richard I,0.5,0.0,1598,Which English king trusted William de Longchamp?,1,预测答案“Richard I”与标准答案“King Richard I of England”在语义上完全等价，准确指出了同一位英格兰国王，符合包含关键信息且意思一致的标准。
9,1,oracle_full_attention,0.8,"King Richard I led a large fleet from Messina to Acre in April 1191, which was dispersed by a storm.",Richard the Lion-hearted's fleet to reach Acre,0.25806451612903225,0.0,2177,What specific naval expedition or fleet did King Richard I lead that was dispersed by a storm?,0,预测答案虽然提到了理查一世前往阿卡的舰队，但缺少了标准答案中的核心信息，即出发地（墨西拿）、时间（1191年4月）以及被风暴吹散这一关键事件，因此未能完整且正确地回答问题。
9,1,fusionrag_qk,0.8,"King Richard I led a large fleet from Messina to Acre in April 1191, which was dispersed by a storm.","Richard the Lion-hearted left Messina with a large fleet in April 1191 with the intention of reaching Acre, but the fleet was dispersed by a storm.",0.6666666666666666,0.0,2177,What specific naval expedition or fleet did King Richard I lead that was dispersed by a storm?,1,预测答案包含了标准答案的所有关键信息，明确指出了理查一世率领舰队从墨西拿出发前往阿卡，并在1191年4月被风暴吹散。两者在语义上完全等价，仅存在措辞上的细微差异。
9,1,draft_selected_set,0.8,"King Richard I led a large fleet from Messina to Acre in April 1191, which was dispersed by a storm.",Richard the Lion-hearted's fleet to reach Acre,0.25806451612903225,0.0,2177,What specific naval expedition or fleet did King Richard I lead that was dispersed by a storm?,0,预测答案虽然提到了理查一世前往阿卡的舰队，但缺少了标准答案中的核心信息，即出发地（墨西拿）、时间（1191年4月）以及被风暴吹散这一关键事件，因此未能完整且正确地回答问题。
10,0,oracle_full_attention,0.8,George Packer,George Packer,1.0,1.0,1204,Who is the author of The Unwinding?,1,预测答案“George Packer”与标准答案完全一致，准确包含了核心实体信息，正确回答了《The Unwinding》的作者问题。
10,0,fusionrag_qk,0.8,George Packer,George Packer,1.0,1.0,1204,Who is the author of The Unwinding?,1,预测答案“George Packer”与标准答案完全一致，准确包含了核心实体信息，正确回答了《The Unwinding》的作者问题。
10,0,draft_selected_set,0.8,George Packer,George Packer,1.0,1.0,1204,Who is the author of The Unwinding?,1,预测答案“George Packer”与标准答案完全一致，准确包含了核心实体信息，正确回答了《The Unwinding》的作者问题。
10,1,oracle_full_attention,0.8,Peace Corps,Peace Corps,1.0,1.0,1390,Which organization did George Packer volunteer for?,1,预测答案“Peace Corps”与标准答案完全一致，准确包含了问题所问的核心组织实体，正确回答了问题。
10,1,fusionrag_qk,0.8,Peace Corps,Peace Corps,1.0,1.0,1390,Which organization did George Packer volunteer for?,1,预测答案“Peace Corps”与标准答案完全一致，准确包含了问题所问的核心组织实体，正确回答了问题。
10,1,draft_selected_set,0.8,Peace Corps,Peace Corps,1.0,1.0,1390,Which organization did George Packer volunteer for?,1,预测答案“Peace Corps”与标准答案完全一致，准确包含了问题所问的核心组织实体，正确回答了问题。
11,0,oracle_full_attention,0.8,The song 'Bang Bang Rock & Roll' was performed by the British rock band Art Brut.,Bang Bang Rock & Roll was performed by the British rock band Art Brut.,0.9565217391304348,0.0,984,Which band performed the song 'Bang Bang Rock & Roll'?,1,预测答案包含了标准答案的核心实体“Art Brut”，并且明确指出了该歌曲由这支英国摇滚乐队演唱，语义与标准答案完全一致，准确回答了问题。
11,0,fusionrag_qk,0.8,The song 'Bang Bang Rock & Roll' was performed by the British rock band Art Brut.,Art Brut,0.15384615384615385,0.0,984,Which band performed the song 'Bang Bang Rock & Roll'?,1,预测答案“Art Brut”准确给出了问题所询问的乐队名称，包含了标准答案中的核心实体信息，与标准答案在语义上完全等价，因此判断为正确。
11,0,draft_selected_set,0.8,The song 'Bang Bang Rock & Roll' was performed by the British rock band Art Brut.,Art Brut,0.15384615384615385,0.0,984,Which band performed the song 'Bang Bang Rock & Roll'?,1,预测答案“Art Brut”准确给出了问题所询问的乐队名称，包含了标准答案中的核心实体信息，与标准答案在语义上完全等价，因此判断为正确。
11,1,oracle_full_attention,0.8,Eddie Argos,Eddie Argos,1.0,1.0,964,Who is the lead singer of the band Art Brut?,1,预测答案“Eddie Argos”与标准答案完全一致，准确地包含了问题的核心实体，正确回答了乐队Art Brut的主唱是谁。
11,1,fusionrag_qk,0.8,Eddie Argos,Eddie Argos,1.0,1.0,964,Who is the lead singer of the band Art Brut?,1,预测答案“Eddie Argos”与标准答案完全一致，准确地包含了问题的核心实体，正确回答了乐队Art Brut的主唱是谁。
11,1,draft_selected_set,0.8,Eddie Argos,Eddie Argos,1.0,1.0,964,Who is the lead singer of the band Art Brut?,1,预测答案“Eddie Argos”与标准答案完全一致，准确地包含了问题的核心实体，正确回答了乐队Art Brut的主唱是谁。
12,0,oracle_full_attention,0.8,Compaq initiated a successful price war among PC manufacturers in 1994.,Compaq,0.13333333333333333,0.0,1608,Which company initiated a successful price war among PC manufacturers in 1994?,1,预测答案“Compaq”准确包含了标准答案中的核心实体，直接回答了问题所问的公司名称，与标准答案在语义上完全等价。
12,0,fusionrag_qk,0.8,Compaq initiated a successful price war among PC manufacturers in 1994.,Compaq,0.13333333333333333,0.0,1608,Which company initiated a successful price war among PC manufacturers in 1994?,1,预测答案“Compaq”准确包含了标准答案中的核心实体，直接回答了问题所问的公司名称，与标准答案在语义上完全等价。
12,0,draft_selected_set,0.8,Compaq initiated a successful price war among PC manufacturers in 1994.,Compaq,0.13333333333333333,0.0,1608,Which company initiated a successful price war among PC manufacturers in 1994?,1,预测答案“Compaq”准确包含了标准答案中的核心实体，直接回答了问题所问的公司名称，与标准答案在语义上完全等价。
12,1,oracle_full_attention,0.8,Hewlett Packard,Hewlett Packard,1.0,1.0,1680,Which company did Compaq merge with in 2002?,1,预测答案与标准答案完全一致，均为“Hewlett Packard”，准确包含了问题所要求的核心实体信息，语义完全等价，因此判断为正确。
12,1,fusionrag_qk,0.8,Hewlett Packard,Hewlett Packard,1.0,1.0,1680,Which company did Compaq merge with in 2002?,1,预测答案与标准答案完全一致，均为“Hewlett Packard”，准确包含了问题所要求的核心实体信息，语义完全等价，因此判断为正确。
12,1,draft_selected_set,0.8,Hewlett Packard,Hewlett Packard,1.0,1.0,1680,Which company did Compaq merge with in 2002?,1,预测答案与标准答案完全一致，均为“Hewlett Packard”，准确包含了问题所要求的核心实体信息，语义完全等价，因此判断为正确。
13,0,oracle_full_attention,0.8,"Katherine of England was the fifth child of King Henry III and Eleanor of Provence. She was born on 25 November 1253, was either deaf-mute or deaf and mentally challenged, was very sickly, possibly had a degenerative disease, and died at Windsor on 3 May 1257 before reaching her fourth year.","Katherine of England was the fifth child of Henry III and his wife Eleanor of Provence. She was born in 1253 and died in 1257, possibly from a degenerative disease, and did not survive her fourth year.",0.6896551724137931,0.0,913,Who is Katherine of England?,1,预测答案包含了标准答案的核心信息，如她是亨利三世和埃莉诺的第五个孩子、生于1253年、死于1257年、可能患有退化性疾病且未满四岁夭折。两者在语义上基本等价，准确回答了问题。
13,0,fusionrag_qk,0.8,"Katherine of England was the fifth child of King Henry III and Eleanor of Provence. She was born on 25 November 1253, was either deaf-mute or deaf and mentally challenged, was very sickly, possibly had a degenerative disease, and died at Windsor on 3 May 1257 before reaching her fourth year.","Katherine of England was the fifth child of Henry III and his wife Eleanor of Provence, born in 1253 and who died in 1257, being a very sickly child who did not survive her fourth year.",0.6260869565217391,0.0,913,Who is Katherine of England?,1,预测答案包含了标准答案的核心信息，即Katherine of England是亨利三世和普罗旺斯的埃莉诺的第五个孩子，生于1253年，卒于1257年，且是一个体弱多病、未满四岁便夭折的孩子。虽然预测答案省略了关于她失聪或患有疾病的细节，但整体语义与标准答案基本一致，正确回答了问题。
13,0,draft_selected_set,0.8,"Katherine of England was the fifth child of King Henry III and Eleanor of Provence. She was born on 25 November 1253, was either deaf-mute or deaf and mentally challenged, was very sickly, possibly had a degenerative disease, and died at Windsor on 3 May 1257 before reaching her fourth year.","Katherine of England was the fifth child of Henry III and his wife, Eleanor of Provence. She was born either a deaf-mute or just deaf and mentally challenged and was very sickly. She possibly had a degenerative disease, did not survive her fourth year and died at Windsor.",0.7438016528925621,0.0,913,Who is Katherine of England?,1,预测答案包含了标准答案的所有关键信息，如身份、父母、健康状况及死亡地点等，且语义与标准答案完全等价，仅存在措辞上的细微差异。
13,1,oracle_full_attention,0.8,Henry III was first crowned in 1216 and had a second coronation in 1220.,1216 and 1220,0.5806451612903226,0.0,1666,What year was King Henry III of England crowned?,1,预测答案包含了“1216”和“1220”这两个关键年份，与标准答案中提到的首次加冕和第二次加冕的时间完全一致，语义上完全等价，正确回答了问题。
13,1,fusionrag_qk,0.8,Henry III was first crowned in 1216 and had a second coronation in 1220.,1220,0.24000000000000002,0.0,1666,What year was King Henry III of England crowned?,0,预测答案仅包含了1220年这第二次加冕的年份，遗漏了1216年首次加冕的关键信息，未完整回答问题。
13,1,draft_selected_set,0.8,Henry III was first crowned in 1216 and had a second coronation in 1220.,1216 and 1220,0.5806451612903226,0.0,1666,What year was King Henry III of England crowned?,1,预测答案包含了“1216”和“1220”这两个关键年份，与标准答案中提到的首次加冕和第二次加冕的时间完全一致，语义上完全等价，正确回答了问题。
14,0,oracle_full_attention,0.8,"Natalie Wood played the little girl, Susan Walker, in the 1947 film Miracle on 34th Street.",Natalie Wood,0.16666666666666669,0.0,845,Who played the little girl in the 1947 film Miracle on 34th Street?,1,预测答案“Natalie Wood”准确包含了标准答案中的核心实体和关键信息，直接回答了谁扮演了电影中的小女孩，语义上与标准答案完全一致。
14,0,fusionrag_qk,0.8,"Natalie Wood played the little girl, Susan Walker, in the 1947 film Miracle on 34th Street.",Natalie Wood,0.16666666666666669,0.0,845,Who played the little girl in the 1947 film Miracle on 34th Street?,1,预测答案“Natalie Wood”准确包含了标准答案中的核心实体和关键信息，直接回答了谁扮演了电影中的小女孩，语义上与标准答案完全一致。
14,0,draft_selected_set,0.8,"Natalie Wood played the little girl, Susan Walker, in the 1947 film Miracle on 34th Street.",Natalie Wood,0.16666666666666669,0.0,845,Who played the little girl in the 1947 film Miracle on 34th Street?,1,预测答案“Natalie Wood”准确包含了标准答案中的核心实体和关键信息，直接回答了谁扮演了电影中的小女孩，语义上与标准答案完全一致。
14,1,oracle_full_attention,0.8,Lana Wood is the sibling of actress Natalie Wood.,Lana Wood,0.33333333333333337,0.0,1344,Who is the sibling of actress Natalie Wood?,1,预测答案“Lana Wood”准确提供了标准答案中的核心实体，直接回答了问题所问的Natalie Wood的兄弟姐妹是谁，语义上与标准答案完全等价。
14,1,fusionrag_qk,0.8,Lana Wood is the sibling of actress Natalie Wood.,Lana Wood,0.33333333333333337,0.0,1344,Who is the sibling of actress Natalie Wood?,1,预测答案“Lana Wood”准确提供了标准答案中的核心实体，直接回答了问题所问的Natalie Wood的兄弟姐妹是谁，语义上与标准答案完全等价。
14,1,draft_selected_set,0.8,Lana Wood is the sibling of actress Natalie Wood.,Lana Wood,0.33333333333333337,0.0,1344,Who is the sibling of actress Natalie Wood?,1,预测答案“Lana Wood”准确提供了标准答案中的核心实体，直接回答了问题所问的Natalie Wood的兄弟姐妹是谁，语义上与标准答案完全等价。
15,0,oracle_full_attention,0.8,"Culberson County, Texas",Culerson County,0.6666666666666666,0.0,542,In which county is Pine Springs located?,1,"预测答案“Culerson County”与标准答案“Culberson County, Texas”在核心实体上基本一致，仅存在轻微的拼写遗漏（少了一个字母b）且省略了州名，但保留了关键信息，语义上等价。"
15,0,fusionrag_qk,0.8,"Culberson County, Texas",Culberson County,0.8571428571428571,0.0,542,In which county is Pine Springs located?,1,预测答案包含了标准答案的核心实体“Culberson County”，虽然缺少了“Texas”这一补充信息，但已经准确回答了Pine Springs所在的县，语义上与标准答案一致。
15,0,draft_selected_set,0.8,"Culberson County, Texas",Culberson County,0.8571428571428571,0.0,542,In which county is Pine Springs located?,1,预测答案包含了标准答案的核心实体“Culberson County”，虽然缺少了“Texas”这一补充信息，但已经准确回答了Pine Springs所在的县，语义上与标准答案一致。
15,1,oracle_full_attention,0.8,Van Horn,Van Horn,1.0,1.0,896,"What is the county seat of Culberson County, Texas?",1,预测答案“Van Horn”与标准答案完全一致，准确地包含了问题所问的核心实体信息，正确回答了Culberson县的县治所在地。
15,1,fusionrag_qk,0.8,Van Horn,Pine Springs,0,0.0,896,"What is the county seat of Culberson County, Texas?",0,预测答案给出的县治是Pine Springs，而标准答案明确指出Culberson County的县治是Van Horn。两者完全不同，预测答案缺少标准答案的核心实体，因此判断为错误。
15,1,draft_selected_set,0.8,Van Horn,Pine Springs,0,0.0,896,"What is the county seat of Culberson County, Texas?",0,预测答案给出的县治是Pine Springs，而标准答案明确指出Culberson County的县治是Van Horn。两者完全不同，预测答案缺少标准答案的核心实体，因此判断为错误。
16,0,oracle_full_attention,0.8,Compaq was the top PC manufacturer in 1994.,Compaq,0.16666666666666669,0.0,1212,Who was the top PC manufacturer in 1994?,1,预测答案“Compaq”准确包含了标准答案的核心实体信息，直接回答了1994年最大的个人电脑制造商是谁的问题，与标准答案在语义上完全等价。
16,0,fusionrag_qk,0.8,Compaq was the top PC manufacturer in 1994.,Compaq,0.16666666666666669,0.0,1212,Who was the top PC manufacturer in 1994?,1,预测答案“Compaq”准确包含了标准答案的核心实体信息，直接回答了1994年最大的个人电脑制造商是谁的问题，与标准答案在语义上完全等价。
16,0,draft_selected_set,0.8,Compaq was the top PC manufacturer in 1994.,Compaq,0.16666666666666669,0.0,1212,Who was the top PC manufacturer in 1994?,1,预测答案“Compaq”准确包含了标准答案的核心实体信息，直接回答了1994年最大的个人电脑制造商是谁的问题，与标准答案在语义上完全等价。
16,1,oracle_full_attention,0.8,Compaq merged with Hewlett Packard (HP) in 2002.,Hewlett Packard,0.4210526315789474,0.0,1751,What company did Compaq merge with in 2002?,1,预测答案“Hewlett Packard”准确包含了标准答案中的核心实体信息，直接回答了2002年与康柏合并的公司名称，语义上与标准答案完全一致。
16,1,fusionrag_qk,0.8,Compaq merged with Hewlett Packard (HP) in 2002.,Hewlett Packard,0.4210526315789474,0.0,1751,What company did Compaq merge with in 2002?,1,预测答案“Hewlett Packard”准确包含了标准答案中的核心实体信息，直接回答了2002年与康柏合并的公司名称，语义上与标准答案完全一致。
16,1,draft_selected_set,0.8,Compaq merged with Hewlett Packard (HP) in 2002.,Hewlett Packard,0.4210526315789474,0.0,1751,What company did Compaq merge with in 2002?,1,预测答案“Hewlett Packard”准确包含了标准答案中的核心实体信息，直接回答了2002年与康柏合并的公司名称，语义上与标准答案完全一致。
17,0,oracle_full_attention,0.8,George VI was the King of the United Kingdom in 1950.,George VI,0.2666666666666667,0.0,1132,Who was the King of England in 1950?,1,预测答案“George VI”准确包含了标准答案的核心实体，与标准答案在语义上完全等价，正确回答了1950年英国国王是谁的问题。
17,0,fusionrag_qk,0.8,George VI was the King of the United Kingdom in 1950.,George VI,0.2666666666666667,0.0,1132,Who was the King of England in 1950?,1,预测答案“George VI”准确包含了标准答案的核心实体，与标准答案在语义上完全等价，正确回答了1950年英国国王是谁的问题。
17,0,draft_selected_set,0.8,George VI was the King of the United Kingdom in 1950.,George VI,0.2666666666666667,0.0,1132,Who was the King of England in 1950?,1,预测答案“George VI”准确包含了标准答案的核心实体，与标准答案在语义上完全等价，正确回答了1950年英国国王是谁的问题。
17,1,oracle_full_attention,0.8,Colin Firth,Colin Firth,1.0,1.0,1548,Which actor played King George VI in the film 'The King's Speech'?,1,预测答案“Colin Firth”与标准答案完全一致，准确包含了问题所询问的在电影《国王的演讲》中饰演乔治六世国王的演员信息，符合所有判断标准。
17,1,fusionrag_qk,0.8,Colin Firth,Colin Firth,1.0,1.0,1548,Which actor played King George VI in the film 'The King's Speech'?,1,预测答案“Colin Firth”与标准答案完全一致，准确包含了问题所询问的在电影《国王的演讲》中饰演乔治六世国王的演员信息，符合所有判断标准。
17,1,draft_selected_set,0.8,Colin Firth,Colin Firth,1.0,1.0,1548,Which actor played King George VI in the film 'The King's Speech'?,1,预测答案“Colin Firth”与标准答案完全一致，准确包含了问题所询问的在电影《国王的演讲》中饰演乔治六世国王的演员信息，符合所有判断标准。
18,0,oracle_full_attention,0.8,Natalie Wood played Susan Walker in Miracle on 34th Street.,Natalie Wood,0.25,0.0,816,Who played Susie in Miracle on 34th Street?,1,预测答案“Natalie Wood”准确给出了问题中询问的演员名字，包含了标准答案的核心实体信息，语义上与标准答案完全一致，正确回答了问题。
18,0,fusionrag_qk,0.8,Natalie Wood played Susan Walker in Miracle on 34th Street.,Natalie Wood,0.25,0.0,816,Who played Susie in Miracle on 34th Street?,1,预测答案“Natalie Wood”准确给出了问题中询问的演员名字，包含了标准答案的核心实体信息，语义上与标准答案完全一致，正确回答了问题。
18,0,draft_selected_set,0.8,Natalie Wood played Susan Walker in Miracle on 34th Street.,Natalie Wood,0.25,0.0,816,Who played Susie in Miracle on 34th Street?,1,预测答案“Natalie Wood”准确给出了问题中询问的演员名字，包含了标准答案的核心实体信息，语义上与标准答案完全一致，正确回答了问题。
18,1,oracle_full_attention,0.8,Natalie Wood's sister is Lana Wood. The documents do not mention a brother.,There is no information provided about Natalie Wood's brother in the given documents.,0.4,0.0,964,Who is Natalie Wood's brother?,1,预测答案明确指出文档中没有关于Natalie Wood兄弟的信息，这与标准答案中“文档未提及兄弟”的核心语义完全一致，准确回答了问题。
18,1,fusionrag_qk,0.8,Natalie Wood's sister is Lana Wood. The documents do not mention a brother.,"Lana Wood, the sister of Natalie Wood.",0.4,0.0,964,Who is Natalie Wood's brother?,0,预测答案错误地将Lana Wood作为问题的回答，而标准答案明确指出Natalie Wood没有兄弟，且文档中未提及她的兄弟。预测答案与标准答案在语义上并不等价。
18,1,draft_selected_set,0.8,Natalie Wood's sister is Lana Wood. The documents do not mention a brother.,"Lana Wood, the sister of Natalie Wood.",0.4,0.0,964,Who is Natalie Wood's brother?,0,预测答案错误地将Lana Wood作为问题的回答，而标准答案明确指出Natalie Wood没有兄弟，且文档中未提及她的兄弟。预测答案与标准答案在语义上并不等价。
19,0,oracle_full_attention,0.8,"Kris Benson, a former Major League Baseball pitcher.",Kris Benson,0.5454545454545454,0.0,827,Who is Anna Benson's husband?,1,预测答案“Kris Benson”准确包含了标准答案中的核心实体，即Anna Benson丈夫的名字。虽然缺少了对职业背景的补充描述，但已经正确回答了问题的核心内容，语义上与标准答案一致。
19,0,fusionrag_qk,0.8,"Kris Benson, a former Major League Baseball pitcher.",Kris Benson,0.5454545454545454,0.0,827,Who is Anna Benson's husband?,1,预测答案“Kris Benson”准确包含了标准答案中的核心实体，即Anna Benson丈夫的名字。虽然缺少了对职业背景的补充描述，但已经正确回答了问题的核心内容，语义上与标准答案一致。
19,0,draft_selected_set,0.8,"Kris Benson, a former Major League Baseball pitcher.",Kris Benson,0.5454545454545454,0.0,827,Who is Anna Benson's husband?,1,预测答案“Kris Benson”准确包含了标准答案中的核心实体，即Anna Benson丈夫的名字。虽然缺少了对职业背景的补充描述，但已经正确回答了问题的核心内容，语义上与标准答案一致。
19,1,oracle_full_attention,0.8,"Kris Benson played for the Pittsburgh Pirates, New York Mets, and Baltimore Orioles.","Pittsburgh Pirates, New York Mets, and the Baltimore Orioles",0.8125000000000001,0.0,1264,What team did Kris Benson play for in Major League Baseball?,1,预测答案包含了标准答案中的所有关键信息，即Kris Benson效力过的三支棒球队。虽然预测答案省略了主语和谓语，仅列出了球队名称，但在语义上与标准答案完全等价，准确回答了问题。
19,1,fusionrag_qk,0.8,"Kris Benson played for the Pittsburgh Pirates, New York Mets, and Baltimore Orioles.",Pittsburgh Pirates,0.2727272727272727,0.0,1264,What team did Kris Benson play for in Major League Baseball?,1,预测答案“Pittsburgh Pirates”是标准答案中包含的核心实体之一，准确回答了Kris Benson在美国职业棒球大联盟效力的球队，符合包含关键信息且语义一致的要求。
19,1,draft_selected_set,0.8,"Kris Benson played for the Pittsburgh Pirates, New York Mets, and Baltimore Orioles.","Pittsburgh Pirates, New York Mets, and the Baltimore Orioles",0.8125000000000001,0.0,1264,What team did Kris Benson play for in Major League Baseball?,1,预测答案包含了标准答案中的所有关键信息，即Kris Benson效力过的三支棒球队。虽然预测答案省略了主语和谓语，仅列出了球队名称，但在语义上与标准答案完全等价，准确回答了问题。
20,0,oracle_full_attention,0.8,Joni James,Joni James,1.0,1.0,1215,Who originally sang the song You Belong To Me?,1,预测答案“Joni James”与标准答案完全一致，准确包含了问题所询问的核心实体，正确回答了该歌曲的原唱者。
20,0,fusionrag_qk,0.8,Joni James,Joni James,1.0,1.0,1215,Who originally sang the song You Belong To Me?,1,预测答案“Joni James”与标准答案完全一致，准确包含了问题所询问的核心实体，正确回答了该歌曲的原唱者。
20,0,draft_selected_set,0.8,Joni James,Joni James,1.0,1.0,1215,Who originally sang the song You Belong To Me?,1,预测答案“Joni James”与标准答案完全一致，准确包含了问题所询问的核心实体，正确回答了该歌曲的原唱者。
20,1,oracle_full_attention,0.8,MGM Records,Sharp Records,0.6666666666666666,0.0,1812,What record label was Joni James signed to when she released 'You Belong To Me' in 1952?,0,预测答案给出的唱片公司是“Sharp Records”，而标准答案是“MGM Records”。两者在语义上完全不同，预测答案没有包含标准答案的核心实体信息，因此判断为错误。
20,1,fusionrag_qk,0.8,MGM Records,Sharp Records,0.6666666666666666,0.0,1812,What record label was Joni James signed to when she released 'You Belong To Me' in 1952?,0,预测答案给出的唱片公司是“Sharp Records”，而标准答案是“MGM Records”。两者在语义上完全不同，预测答案没有包含标准答案的核心实体信息，因此判断为错误。
20,1,draft_selected_set,0.8,MGM Records,Sharp Records,0.6666666666666666,0.0,1812,What record label was Joni James signed to when she released 'You Belong To Me' in 1952?,0,预测答案给出的唱片公司是“Sharp Records”，而标准答案是“MGM Records”。两者在语义上完全不同，预测答案没有包含标准答案的核心实体信息，因此判断为错误。
21,0,oracle_full_attention,0.8,Henry III,Henry III,1.0,1.0,1399,Who was the person under whom the Chapter House was built?,1,预测答案与标准答案完全一致，均为“Henry III”，准确包含了标准答案的核心实体，正确回答了问题。
21,0,fusionrag_qk,0.8,Henry III,Henry III,1.0,1.0,1399,Who was the person under whom the Chapter House was built?,1,预测答案与标准答案完全一致，均为“Henry III”，准确包含了标准答案的核心实体，正确回答了问题。
21,0,draft_selected_set,0.8,Henry III,Henry III,1.0,1.0,1399,Who was the person under whom the Chapter House was built?,1,预测答案与标准答案完全一致，均为“Henry III”，准确包含了标准答案的核心实体，正确回答了问题。
21,1,oracle_full_attention,0.8,"Henry III was first crowned in 1216 at Gloucester Cathedral, and then again at Westminster Abbey in 1220.",1220,0.18181818181818182,0.0,1694,When was Henry III crowned?,0,预测答案仅包含了1220年这一部分信息，遗漏了1216年首次加冕的关键时间点，未能完整包含标准答案的核心信息。
21,1,fusionrag_qk,0.8,"Henry III was first crowned in 1216 at Gloucester Cathedral, and then again at Westminster Abbey in 1220.",1220,0.18181818181818182,0.0,1694,When was Henry III crowned?,0,预测答案仅包含了1220年这一部分信息，遗漏了1216年首次加冕的关键时间点，未能完整包含标准答案的核心信息。
21,1,draft_selected_set,0.8,"Henry III was first crowned in 1216 at Gloucester Cathedral, and then again at Westminster Abbey in 1220.",1216 and 1220,0.4615384615384615,0.0,1694,When was Henry III crowned?,1,预测答案准确提取了标准答案中关于亨利三世加冕时间的核心信息，即1216年和1220年。虽然省略了加冕地点等细节，但就“何时加冕”这一问题而言，其语义与标准答案完全一致。
24,0,oracle_full_attention,0.8,Joni James sang the song 'You Belong to Me'.,Joni James and Sue Thompson and Patti Page,0.22222222222222224,0.0,1244,Who sang the song 'You Belong to Me'?,0,预测答案虽然包含了标准答案中的核心实体“Joni James”，但同时也包含了“Sue Thompson”和“Patti Page”等额外信息。这导致预测答案在语义上与标准答案并不等价，未能准确且唯一地回答问题。
24,0,fusionrag_qk,0.8,Joni James sang the song 'You Belong to Me'.,Answer: Joni James sang the song 'You Belong to Me' first in 1952.,0.6666666666666666,0.0,1244,Who sang the song 'You Belong to Me'?,1,预测答案包含了标准答案的核心实体“Joni James”，并且明确指出了她演唱了这首歌，与标准答案在语义上完全等价，只是额外补充了时间信息，不影响核心意思的正确性。
24,0,draft_selected_set,0.8,Joni James sang the song 'You Belong to Me'.,Joni James,0.4,0.0,1244,Who sang the song 'You Belong to Me'?,1,预测答案“Joni James”准确包含了标准答案的核心实体信息，直接回答了谁演唱了这首歌，与标准答案在语义上完全等价。
24,1,oracle_full_attention,0.8,Joni James was signed to MGM Records.,MGM Records,0.4,0.0,1597,What record label is Joni James signed to?,1,预测答案“MGM Records”直接且准确地给出了问题所询问的唱片公司名称，包含了标准答案的核心实体信息，在语义上与标准答案完全等价，因此判断为正确。
24,1,fusionrag_qk,0.8,Joni James was signed to MGM Records.,MGM Records,0.4,0.0,1597,What record label is Joni James signed to?,1,预测答案“MGM Records”直接且准确地给出了问题所询问的唱片公司名称，包含了标准答案的核心实体信息，在语义上与标准答案完全等价，因此判断为正确。
24,1,draft_selected_set,0.8,Joni James was signed to MGM Records.,M-G-M Records,0.4,0.0,1597,What record label is Joni James signed to?,1,预测答案“M-G-M Records”与标准答案中的核心实体“MGM Records”在语义上完全等价，仅仅是连字符的书写形式存在细微差异，准确回答了问题。
25,0,oracle_full_attention,0.8,Central Equatoria,Central Equatoria state,0.8,0.0,631,What is the administrative territorial entity that contains Juba?,1,预测答案“Central Equatoria state”包含了标准答案“Central Equatoria”的核心实体，附加的“state”只是对其行政级别的补充说明，两者在语义上完全等价。
25,0,fusionrag_qk,0.8,Central Equatoria,Central Equatoria,1.0,1.0,631,What is the administrative territorial entity that contains Juba?,1,预测答案与标准答案完全一致，均为“Central Equatoria”，准确包含了标准答案的核心实体信息，正确回答了关于朱巴所在行政领土实体的问题。
25,0,draft_selected_set,0.8,Central Equatoria,Central Equatoria,1.0,1.0,631,What is the administrative territorial entity that contains Juba?,1,预测答案与标准答案完全一致，均为“Central Equatoria”，准确包含了标准答案的核心实体信息，正确回答了关于朱巴所在行政领土实体的问题。
25,1,oracle_full_attention,0.8,Eastern Equatoria shares a border with Central Equatoria.,"Badigeru Swamp, Terekeka, Lafon, Gera, and South Sudan share a border with Central Equatoria.",0.33333333333333326,0.0,901,What places share a border with Central Equatoria?,0,预测答案中列举了Badigeru Swamp、Terekeka等地，但并未包含标准答案中的核心实体“Eastern Equatoria”，缺少关键信息，因此判断为错误。
25,1,fusionrag_qk,0.8,Eastern Equatoria shares a border with Central Equatoria.,"Gura Forest Reserve, Ethiopia and Democratic Republic of the Congo share a border with Central Equatoria. However, this information is not directly provided in the given documents. The closest relevant information is that the Badigeru swamp lies in South Sudan, in the Central Equatoria and Eastern Equatoria states between Tereke",0.21874999999999994,0.0,901,What places share a border with Central Equatoria?,0,预测答案没有包含标准答案的核心实体“Eastern Equatoria”，而是错误地列出了Gura Forest Reserve、Ethiopia和Democratic Republic of the Congo，这与标准答案在语义上完全不一致，因此判断为错误。
25,1,draft_selected_set,0.8,Eastern Equatoria shares a border with Central Equatoria.,"Badigeru Swamp, Hadiya Zone, Enemorina Eaner",0,0.0,901,What places share a border with Central Equatoria?,0,"预测答案列出的地点（Badigeru Swamp, Hadiya Zone, Enemorina Eaner）完全没有包含标准答案中的核心实体“Eastern Equatoria”，两者在语义上不一致，因此是错误的。"
26,0,oracle_full_attention,0.8,Colin Firth,Colin Firth,1.0,1.0,1227,Who played King George VI in The King's Speech?,1,预测答案与标准答案完全一致，都明确指出了在电影《国王的演讲》中饰演乔治六世的演员是Colin Firth，包含了标准答案的核心信息，语义完全等价。
26,0,fusionrag_qk,0.8,Colin Firth,Colin Firth,1.0,1.0,1227,Who played King George VI in The King's Speech?,1,预测答案与标准答案完全一致，都明确指出了在电影《国王的演讲》中饰演乔治六世的演员是Colin Firth，包含了标准答案的核心信息，语义完全等价。
26,0,draft_selected_set,0.8,Colin Firth,Colin Firth,1.0,1.0,1227,Who played King George VI in The King's Speech?,1,预测答案与标准答案完全一致，都明确指出了在电影《国王的演讲》中饰演乔治六世的演员是Colin Firth，包含了标准答案的核心信息，语义完全等价。
27,0,oracle_full_attention,0.8,The cast includes Harry Hamlin as Steve and Deborah Van Valkenburgh as Tina.,"Steve (Harry Hamlin), Tina (Deborah Van Valkenburgh)",0.8484848484848484,0.0,1069,Who are the cast members of King of the Mountain?,1,预测答案包含了标准答案中的核心实体信息，即演员Harry Hamlin和Deborah Van Valkenburgh及其对应的角色Steve和Tina，虽然表述形式不同，但语义上与标准答案完全等价。
27,0,fusionrag_qk,0.8,The cast includes Harry Hamlin as Steve and Deborah Van Valkenburgh as Tina.,"Harry Hamlin, Deborah Van Valkenburgh, Art Parkinson, Todd Williams, Colton Haynes, Ioan Gruffudd, Will Yun Lee",0.375,0.0,1069,Who are the cast members of King of the Mountain?,1,预测答案包含了标准答案中的核心实体Harry Hamlin和Deborah Van Valkenburgh，虽然多列出了其他演员，但已经正确回答了问题。
27,0,draft_selected_set,0.8,The cast includes Harry Hamlin as Steve and Deborah Van Valkenburgh as Tina.,"Harry Hamlin, Deborah Van Valkenburgh",0.6206896551724138,0.0,1069,Who are the cast members of King of the Mountain?,1,预测答案准确提取了标准答案中的核心实体，即两位主要演员的名字Harry Hamlin和Deborah Van Valkenburgh，完全包含了回答该问题所需的关键信息，语义上与标准答案保持一致。
27,1,oracle_full_attention,0.8,Lisa Rinna,Lisa Rinna,1.0,1.0,1155,Who is Harry Hamlin's spouse?,1,预测答案与标准答案完全一致，均为“Lisa Rinna”，准确包含了问题所询问的核心实体，正确回答了Harry Hamlin的配偶是谁。
27,1,fusionrag_qk,0.8,Lisa Rinna,Lisa Rinna,1.0,1.0,1155,Who is Harry Hamlin's spouse?,1,预测答案与标准答案完全一致，均为“Lisa Rinna”，准确包含了问题所询问的核心实体，正确回答了Harry Hamlin的配偶是谁。
27,1,draft_selected_set,0.8,Lisa Rinna,Lisa Rinna,1.0,1.0,1155,Who is Harry Hamlin's spouse?,1,预测答案与标准答案完全一致，均为“Lisa Rinna”，准确包含了问题所询问的核心实体，正确回答了Harry Hamlin的配偶是谁。
32,0,oracle_full_attention,0.8,Albert assumed the regnal name 'George VI'.,George VI,0.4,0.0,1151,What was the regnal name adopted by King George VI?,0,预测答案“George VI”仅仅是问题中已经提到的头衔，而标准答案的核心实体是国王的原名“Albert”。预测答案未能包含“Albert”这一关键信息，因此未能正确回答他采用了什么名字作为尊号。
32,0,fusionrag_qk,0.8,Albert assumed the regnal name 'George VI'.,George VI,0.4,0.0,1151,What was the regnal name adopted by King George VI?,0,预测答案“George VI”仅仅是问题中已经提到的头衔，而标准答案的核心实体是国王的原名“Albert”。预测答案未能包含“Albert”这一关键信息，因此未能正确回答他采用了什么名字作为尊号。
32,0,draft_selected_set,0.8,Albert assumed the regnal name 'George VI'.,George VI,0.4,0.0,1151,What was the regnal name adopted by King George VI?,0,预测答案“George VI”仅仅是问题中已经提到的头衔，而标准答案的核心实体是国王的原名“Albert”。预测答案未能包含“Albert”这一关键信息，因此未能正确回答他采用了什么名字作为尊号。
32,1,oracle_full_attention,0.8,Colin Firth,Colin Firth,1.0,1.0,1377,Who played King George VI in the film 'The King's Speech'?,1,预测答案与标准答案完全一致，均为“Colin Firth”，准确包含了回答该问题所需的核心实体信息，正确回答了谁在电影《国王的演讲》中饰演乔治六世的问题。
32,1,fusionrag_qk,0.8,Colin Firth,Colin Firth,1.0,1.0,1377,Who played King George VI in the film 'The King's Speech'?,1,预测答案与标准答案完全一致，均为“Colin Firth”，准确包含了回答该问题所需的核心实体信息，正确回答了谁在电影《国王的演讲》中饰演乔治六世的问题。
32,1,draft_selected_set,0.8,Colin Firth,Colin Firth,1.0,1.0,1377,Who played King George VI in the film 'The King's Speech'?,1,预测答案与标准答案完全一致，均为“Colin Firth”，准确包含了回答该问题所需的核心实体信息，正确回答了谁在电影《国王的演讲》中饰演乔治六世的问题。
33,0,oracle_full_attention,0.8,"Park Rapids, Minnesota","Park Rapids, Minnesota",1.0,1.0,620,Where is KPRM licensed to broadcast?,1,"预测答案与标准答案完全一致，准确包含了“Park Rapids, Minnesota”这一核心地理位置信息，语义完全等价，正确回答了问题。"
33,0,fusionrag_qk,0.8,"Park Rapids, Minnesota","Park Rapids, Minnesota",1.0,1.0,620,Where is KPRM licensed to broadcast?,1,"预测答案与标准答案完全一致，准确包含了“Park Rapids, Minnesota”这一核心地理位置信息，语义完全等价，正确回答了问题。"
33,0,draft_selected_set,0.8,"Park Rapids, Minnesota","Park Rapids, Minnesota",1.0,1.0,620,Where is KPRM licensed to broadcast?,1,"预测答案与标准答案完全一致，准确包含了“Park Rapids, Minnesota”这一核心地理位置信息，语义完全等价，正确回答了问题。"
35,0,oracle_full_attention,0.8,The author of Prince Prigio is Andrew Lang.,Andrew Lang,0.3636363636363636,0.0,939,Who is the author of Prince Prigio?,1,预测答案“Andrew Lang”直接给出了《Prince Prigio》的作者名字，包含了标准答案的核心实体，与标准答案在语义上完全等价，正确回答了问题。
35,0,fusionrag_qk,0.8,The author of Prince Prigio is Andrew Lang.,Andrew Lang,0.3636363636363636,0.0,939,Who is the author of Prince Prigio?,1,预测答案“Andrew Lang”直接给出了《Prince Prigio》的作者名字，包含了标准答案的核心实体，与标准答案在语义上完全等价，正确回答了问题。
35,0,draft_selected_set,0.8,The author of Prince Prigio is Andrew Lang.,Andrew Lang,0.3636363636363636,0.0,939,Who is the author of Prince Prigio?,1,预测答案“Andrew Lang”直接给出了《Prince Prigio》的作者名字，包含了标准答案的核心实体，与标准答案在语义上完全等价，正确回答了问题。
35,1,oracle_full_attention,0.8,Andrew Lang died in 1912.,1912,0.5,0.0,972,What year did Andrew Lang die?,1,预测答案“1912”直接提供了问题所询问的安德鲁·朗格的去世年份，与标准答案的核心信息完全一致，语义上等价，准确回答了问题。
35,1,fusionrag_qk,0.8,Andrew Lang died in 1912.,1912,0.5,0.0,972,What year did Andrew Lang die?,1,预测答案“1912”直接提供了问题所询问的安德鲁·朗格的去世年份，与标准答案的核心信息完全一致，语义上等价，准确回答了问题。
35,1,draft_selected_set,0.8,Andrew Lang died in 1912.,1912,0.5,0.0,972,What year did Andrew Lang die?,1,预测答案“1912”直接提供了问题所询问的安德鲁·朗格的去世年份，与标准答案的核心信息完全一致，语义上等价，准确回答了问题。
36,0,oracle_full_attention,0.8,"Greenfield, Indiana","Greenfield, Indiana",1.0,1.0,1170,Where was Mark Dismore born?,1,"预测答案与标准答案完全一致，均明确指出了Mark Dismore的出生地是Greenfield, Indiana，包含了标准答案的所有关键信息，语义完全等价。"
36,0,fusionrag_qk,0.8,"Greenfield, Indiana","1956 in Greenfield, Indiana",0.5454545454545454,0.0,1170,Where was Mark Dismore born?,1,"预测答案中明确包含了标准答案的核心信息“Greenfield, Indiana”，准确回答了Mark Dismore的出生地。虽然多出了出生年份“1956”，但并未改变对问题核心的回答，语义上完全一致。"
36,0,draft_selected_set,0.8,"Greenfield, Indiana","Greenfield, Indiana",1.0,1.0,1170,Where was Mark Dismore born?,1,"预测答案与标准答案完全一致，均明确指出了Mark Dismore的出生地是Greenfield, Indiana，包含了标准答案的所有关键信息，语义完全等价。"
36,1,oracle_full_attention,0.8,"Greenfield, Indiana is located in Hancock County.",Hancock County,0.1818181818181818,0.0,1456,"Which county is Greenfield, Indiana located in?",1,预测答案“Hancock County”直接包含了标准答案中的核心实体和关键信息，准确回答了问题所询问的县名，与标准答案在语义上完全等价。
36,1,fusionrag_qk,0.8,"Greenfield, Indiana is located in Hancock County.",Hancock County,0.1818181818181818,0.0,1456,"Which county is Greenfield, Indiana located in?",1,预测答案“Hancock County”直接包含了标准答案中的核心实体和关键信息，准确回答了问题所询问的县名，与标准答案在语义上完全等价。
36,1,draft_selected_set,0.8,"Greenfield, Indiana is located in Hancock County.",Hancock County,0.1818181818181818,0.0,1456,"Which county is Greenfield, Indiana located in?",1,预测答案“Hancock County”直接包含了标准答案中的核心实体和关键信息，准确回答了问题所询问的县名，与标准答案在语义上完全等价。
37,0,oracle_full_attention,0.8,Nannina de' Medici's parents were Piero di Cosimo de' Medici and Lucrezia Tornabuoni.,Piero di Cosimo de' Medici and Lucrezia Tornabuoni,0.7368421052631579,0.0,857,Who were the parents of Nannina de' Medici?,1,预测答案准确包含了标准答案中的核心实体，即父母双方的名字“Piero di Cosimo de' Medici”和“Lucrezia Tornabuoni”，语义上与标准答案完全等价，正确回答了问题。
37,0,fusionrag_qk,0.8,Nannina de' Medici's parents were Piero di Cosimo de' Medici and Lucrezia Tornabuoni.,Piero di Cosimo de' Medici and Lucrezia Tornabuoni,0.7368421052631579,0.0,857,Who were the parents of Nannina de' Medici?,1,预测答案准确包含了标准答案中的核心实体，即父母双方的名字“Piero di Cosimo de' Medici”和“Lucrezia Tornabuoni”，语义上与标准答案完全等价，正确回答了问题。
37,0,draft_selected_set,0.8,Nannina de' Medici's parents were Piero di Cosimo de' Medici and Lucrezia Tornabuoni.,Piero di Cosimo de' Medici and Lucrezia Tornabuoni,0.7368421052631579,0.0,857,Who were the parents of Nannina de' Medici?,1,预测答案准确包含了标准答案中的核心实体，即父母双方的名字“Piero di Cosimo de' Medici”和“Lucrezia Tornabuoni”，语义上与标准答案完全等价，正确回答了问题。
37,1,oracle_full_attention,0.8,Nannina de' Medici's siblings were Lorenzo de' Medici and Giuliano de' Medici.,Lorenzo de' Medici,0.32000000000000006,0.0,1032,"Based on Nannina de' Medici's parents Piero di Cosimo de' Medici and Lucrezia Tornabuoni, who were her siblings?",0,预测答案只提到了Lorenzo de' Medici，遗漏了标准答案中的另一个核心实体Giuliano de' Medici，信息不完整。
37,1,fusionrag_qk,0.8,Nannina de' Medici's siblings were Lorenzo de' Medici and Giuliano de' Medici.,Lorenzo de' Medici,0.32000000000000006,0.0,1032,"Based on Nannina de' Medici's parents Piero di Cosimo de' Medici and Lucrezia Tornabuoni, who were her siblings?",0,预测答案只提到了Lorenzo de' Medici，遗漏了标准答案中的另一个核心实体Giuliano de' Medici，信息不完整。
37,1,draft_selected_set,0.8,Nannina de' Medici's siblings were Lorenzo de' Medici and Giuliano de' Medici.,Lorenzo de' Medici,0.32000000000000006,0.0,1032,"Based on Nannina de' Medici's parents Piero di Cosimo de' Medici and Lucrezia Tornabuoni, who were her siblings?",0,预测答案只提到了Lorenzo de' Medici，遗漏了标准答案中的另一个核心实体Giuliano de' Medici，信息不完整。
38,0,oracle_full_attention,0.8,"NRHEG High School is located in New Richland, Minnesota.","New Richland, Minnesota",0.5,0.0,647,Where is NRHEG High School located?,1,"预测答案“New Richland, Minnesota”包含了标准答案中的核心实体和关键地理位置信息，与标准答案在语义上完全等价，正确地回答了问题。"
38,0,fusionrag_qk,0.8,"NRHEG High School is located in New Richland, Minnesota.","New Richland, Minnesota",0.5,0.0,647,Where is NRHEG High School located?,1,"预测答案“New Richland, Minnesota”包含了标准答案中的核心实体和关键地理位置信息，与标准答案在语义上完全等价，正确地回答了问题。"
38,0,draft_selected_set,0.8,"NRHEG High School is located in New Richland, Minnesota.","New Richland, Minnesota",0.5,0.0,647,Where is NRHEG High School located?,1,"预测答案“New Richland, Minnesota”包含了标准答案中的核心实体和关键地理位置信息，与标准答案在语义上完全等价，正确地回答了问题。"
38,1,oracle_full_attention,0.8,"New Richland is located in Waseca County, Minnesota.",Waseca County,0.42857142857142855,0.0,793,"Which county is New Richland, Minnesota located in?",1,预测答案“Waseca County”直接提供了问题所询问的县名，包含了标准答案的核心实体信息，在语义上与标准答案完全等价，正确回答了问题。
38,1,fusionrag_qk,0.8,"New Richland is located in Waseca County, Minnesota.",Waseca County,0.42857142857142855,0.0,793,"Which county is New Richland, Minnesota located in?",1,预测答案“Waseca County”直接提供了问题所询问的县名，包含了标准答案的核心实体信息，在语义上与标准答案完全等价，正确回答了问题。
38,1,draft_selected_set,0.8,"New Richland is located in Waseca County, Minnesota.",Waseca County,0.42857142857142855,0.0,793,"Which county is New Richland, Minnesota located in?",1,预测答案“Waseca County”直接提供了问题所询问的县名，包含了标准答案的核心实体信息，在语义上与标准答案完全等价，正确回答了问题。
39,0,oracle_full_attention,0.8,Janatha Vimukthi Peramuna,Janatha Vimukthi Peramuna,1.0,1.0,772,What is the name of the political party of Dimuthu Bandara Abayakoon?,1,预测答案与标准答案完全一致，都准确给出了Dimuthu Bandara Abayakoon所属政党的名称，即Janatha Vimukthi Peramuna，包含了所有关键信息且语义完全等价。
39,0,fusionrag_qk,0.8,Janatha Vimukthi Peramuna,Janatha Vimukthi Peramuna,1.0,1.0,772,What is the name of the political party of Dimuthu Bandara Abayakoon?,1,预测答案与标准答案完全一致，都准确给出了Dimuthu Bandara Abayakoon所属政党的名称，即Janatha Vimukthi Peramuna，包含了所有关键信息且语义完全等价。
39,0,draft_selected_set,0.8,Janatha Vimukthi Peramuna,United People's Freedom Alliance,0,0.0,772,What is the name of the political party of Dimuthu Bandara Abayakoon?,0,预测答案给出的政党名称是“United People's Freedom Alliance”，与标准答案“Janatha Vimukthi Peramuna”完全不同，两者在语义上不等价，且未包含标准答案的核心信息，因此回答错误。
39,1,oracle_full_attention,0.8,The Janatha Vimukthi Peramuna was founded by Rohana Wijeweera.,Patabendi Don Jinadasa Nandasiri Wijeweera,0.20689655172413793,0.0,1084,Who founded the Janatha Vimukthi Peramuna political party?,1,预测答案“Patabendi Don Jinadasa Nandasiri Wijeweera”是标准答案中“Rohana Wijeweera”的全名，两者在语义上完全等价，指向同一个人，因此预测答案正确回答了问题。
39,1,fusionrag_qk,0.8,The Janatha Vimukthi Peramuna was founded by Rohana Wijeweera.,Patabendi Don Jinadasa Nandasiri Wijeweera,0.20689655172413793,0.0,1084,Who founded the Janatha Vimukthi Peramuna political party?,1,预测答案“Patabendi Don Jinadasa Nandasiri Wijeweera”是标准答案中“Rohana Wijeweera”的全名，两者在语义上完全等价，指向同一个人，因此预测答案正确回答了问题。
39,1,draft_selected_set,0.8,The Janatha Vimukthi Peramuna was founded by Rohana Wijeweera.,"Patabendi Don Jinadasa Nandasiri Wijeweera, known as Rohana Wijeweera.",0.2777777777777778,0.0,1084,Who founded the Janatha Vimukthi Peramuna political party?,1,预测答案给出了Rohana Wijeweera的全名，并明确指出其就是Rohana Wijeweera，与标准答案的核心实体完全一致，语义等价，正确回答了问题。
40,0,oracle_full_attention,0.8,"Larry Alcala estudió en la Universidad de Filipinas, donde obtuvo un título de Licenciado en Bellas Artes en Pintura.",University of the Philippines,0,0.0,871,Where did Larry Alcala study?,1,预测答案“University of the Philippines”准确包含了标准答案中的核心实体信息，即“Universidad de Filipinas”的英文表达，正确回答了Larry Alcala学习的地点，语义上完全等价。
40,0,fusionrag_qk,0.8,"Larry Alcala estudió en la Universidad de Filipinas, donde obtuvo un título de Licenciado en Bellas Artes en Pintura.",University of the Philippines,0,0.0,871,Where did Larry Alcala study?,1,预测答案“University of the Philippines”准确包含了标准答案中的核心实体信息，即“Universidad de Filipinas”的英文表达，正确回答了Larry Alcala学习的地点，语义上完全等价。
40,0,draft_selected_set,0.8,"Larry Alcala estudió en la Universidad de Filipinas, donde obtuvo un título de Licenciado en Bellas Artes en Pintura.",University of the Philippines,0,0.0,871,Where did Larry Alcala study?,1,预测答案“University of the Philippines”准确包含了标准答案中的核心实体信息，即“Universidad de Filipinas”的英文表达，正确回答了Larry Alcala学习的地点，语义上完全等价。
40,1,oracle_full_attention,0.8,Military instruction began at the University of the Philippines in 1912.,1912,0.375,0.0,1212,When did military instruction begin at the University of the Philippines?,1,预测答案“1912”准确提供了问题所询问的时间，包含了标准答案的核心关键信息，在语义上与标准答案完全等价。
40,1,fusionrag_qk,0.8,Military instruction began at the University of the Philippines in 1912.,1912,0.375,0.0,1212,When did military instruction begin at the University of the Philippines?,1,预测答案“1912”准确提供了问题所询问的时间，包含了标准答案的核心关键信息，在语义上与标准答案完全等价。
40,1,draft_selected_set,0.8,Military instruction began at the University of the Philippines in 1912.,1912,0.375,0.0,1212,When did military instruction begin at the University of the Philippines?,1,预测答案“1912”准确提供了问题所询问的时间，包含了标准答案的核心关键信息，在语义上与标准答案完全等价。
43,0,oracle_full_attention,0.8,"Cedar Springs is an unincorporated community in west Falls County, Texas, United States, located on Farm-to-market road #2027.","Cedar Springs is an unincorporated community in west Falls County, Texas, United States. It is located on Farm-to-market road #2027. There is another place named Cedar Springs in Guadalupe County, but the question does not specify which one, so based on the first mention,",0.6582278481012659,0.0,670,Where is Cedar Springs located?,1,预测答案完整包含了标准答案中的核心信息，即位于德克萨斯州西部福尔斯县以及位于2027号农场到市场公路上。虽然预测答案额外补充了关于瓜达卢佩县的同名地点信息，但其前半部分与标准答案在语义上完全等价，正确回答了问题。
43,0,fusionrag_qk,0.8,"Cedar Springs is an unincorporated community in west Falls County, Texas, United States, located on Farm-to-market road #2027.","Cedar Springs is an unincorporated community in west Falls County, Texas, United States. It is located on Farm-to-market road #2027.",0.962962962962963,0.0,670,Where is Cedar Springs located?,1,预测答案包含了标准答案的所有关键信息，指出Cedar Springs位于德克萨斯州西部福尔斯县，并具体说明在2027号农场到市场公路上，两者在语义上完全等价。
43,0,draft_selected_set,0.8,"Cedar Springs is an unincorporated community in west Falls County, Texas, United States, located on Farm-to-market road #2027.","Cedar Springs is an unincorporated community in west Falls County, Texas, United States. It is located on Farm-to-market road #2027.",0.962962962962963,0.0,670,Where is Cedar Springs located?,1,预测答案包含了标准答案的所有关键信息，指出Cedar Springs位于德克萨斯州西部福尔斯县，并具体说明在2027号农场到市场公路上，两者在语义上完全等价。
43,1,oracle_full_attention,0.8,Bell County shares a border with Falls County.,"Crockett County, Hamilton County, Lamar County, McLennan County, Milam County, Navarro County, Somervell County, and Williamson County share a border with Falls County, Texas.",0.25,0.0,792,"Which counties share a border with Falls County, Texas?",0,"预测答案中列举的县（如Crockett County, Hamilton County等）并没有包含标准答案中的核心实体“Bell County”，且列举的多数县实际上并不与Falls County接壤，因此未能正确回答问题。"
43,1,fusionrag_qk,0.8,Bell County shares a border with Falls County.,"Bell County and Williamson County share borders with Falls County, Texas. However, based on the provided documents, Bell County is more explicitly mentioned in relation to Falls County. Williamson County's border with Falls County is not directly stated but can be inferred since Granger, a city in Williamson County, is mentioned as being near",0.15384615384615385,0.0,792,"Which counties share a border with Falls County, Texas?",1,预测答案明确指出了Bell County与Falls County接壤，包含了标准答案的核心实体和关键信息，语义上与标准答案完全一致，因此判断为正确。
43,1,draft_selected_set,0.8,Bell County shares a border with Falls County.,"Bell County, Williamson County, and Knox County share a border with Falls County, Texas. (Note: This answer is derived from the information that Troy Independent School District extends into Bell County and serves Pendleton, Belfalls, and Oenaville; Cedar Springs is in Falls County; and Granger,",0.16949152542372883,0.0,792,"Which counties share a border with Falls County, Texas?",0,预测答案虽然包含了标准答案中的Bell County，但额外添加了Williamson County和Knox County等错误信息，且其推导依据与问题无关，导致语义上与标准答案不等价。
44,0,oracle_full_attention,0.8,"Bancroft is located in Ontario, Canada.","Bancroft is located in Ontario, Canada.",1.0,1.0,798,Where is Bancroft located?,1,"预测答案与标准答案完全一致，准确包含了“Ontario, Canada”这一核心地理位置信息，语义完全等价，正确回答了问题。"
44,0,fusionrag_qk,0.8,"Bancroft is located in Ontario, Canada.","Ontario, Canada",0.3636363636363636,0.0,798,Where is Bancroft located?,1,"预测答案“Ontario, Canada”包含了标准答案中的核心地理位置信息，虽然省略了部分冗余的措辞，但与标准答案在语义上完全等价，准确地回答了Bancroft的所在地。"
44,0,draft_selected_set,0.8,"Bancroft is located in Ontario, Canada.","Bancroft is located in Ontario, Canada and serves students in the northern portion of Hastings County.",0.6428571428571429,0.0,798,Where is Bancroft located?,1,"预测答案包含了标准答案中的核心信息“Ontario, Canada”，准确回答了Bancroft的地理位置。虽然它额外补充了关于服务区域的信息，但核心语义与标准答案完全一致。"
44,1,oracle_full_attention,0.8,"Bancroft, Ontario is located in Hastings County.",Hastings County,0.28571428571428575,0.0,885,"Which county is Bancroft, Ontario located in?",1,预测答案直接给出了“Hastings County”，包含了标准答案的核心实体和关键信息，在语义上与标准答案完全等价，正确回答了问题。
44,1,fusionrag_qk,0.8,"Bancroft, Ontario is located in Hastings County.",Ontario,0.16666666666666669,0.0,885,"Which county is Bancroft, Ontario located in?",0,预测答案“Ontario”回答的是Bancroft所在的省份，而问题询问的是所在的县。预测答案缺少标准答案的核心实体“Hastings County”，因此判断为错误。
44,1,draft_selected_set,0.8,"Bancroft, Ontario is located in Hastings County.",Hastings County,0.28571428571428575,0.0,885,"Which county is Bancroft, Ontario located in?",1,预测答案直接给出了“Hastings County”，包含了标准答案的核心实体和关键信息，在语义上与标准答案完全等价，正确回答了问题。
44,2,oracle_full_attention,0.8,Renfrew County and Haliburton County border Hastings County in Ontario.,"Renfrew, Haliburton, and Wellington counties border Hastings County in Ontario.",0.8387096774193549,0.0,1282,Which counties border Hastings County in Ontario?,0,预测答案虽然包含了标准答案中的Renfrew和Haliburton，但额外加入了Wellington county。Wellington County并不与Hastings County接壤，这导致预测答案在语义上与标准答案不一致，包含了错误信息。
44,2,fusionrag_qk,0.8,Renfrew County and Haliburton County border Hastings County in Ontario.,Renfrew County and Haliburton County,0.6956521739130436,0.0,1282,Which counties border Hastings County in Ontario?,1,预测答案包含了标准答案中的核心实体“Renfrew County”和“Haliburton County”，虽然省略了部分修饰性语句，但在语义上与标准答案完全等价，正确回答了问题。
44,2,draft_selected_set,0.8,Renfrew County and Haliburton County border Hastings County in Ontario.,"Renfrew County, Haliburton County",0.6363636363636364,0.0,1282,Which counties border Hastings County in Ontario?,1,预测答案包含了标准答案中的核心实体“Renfrew County”和“Haliburton County”，虽然缺少了完整的句子结构，但在语义上与标准答案完全等价，正确回答了问题。
45,0,oracle_full_attention,0.8,"Empress Wang's husband was Yang Pu (Emperor Rui), the final ruler of the Chinese state Wu during the Five Dynasties and Ten Kingdoms period.",Yang Jian (Wang Jian),0,0.0,1230,Who is Empress Wang's husband?,0,预测答案给出的丈夫是“Yang Jian (Wang Jian)”，而标准答案明确指出丈夫是“Yang Pu (Emperor Rui)”。两者并非同一人物，预测答案缺少标准答案的核心实体，因此判断为错误。
45,0,fusionrag_qk,0.8,"Empress Wang's husband was Yang Pu (Emperor Rui), the final ruler of the Chinese state Wu during the Five Dynasties and Ten Kingdoms period.",Yang Pu,0.07407407407407407,0.0,1230,Who is Empress Wang's husband?,1,预测答案“Yang Pu”准确给出了标准答案中的核心实体，即吴国皇帝杨溥，直接且正确地回答了王皇后的丈夫是谁的问题。
45,0,draft_selected_set,0.8,"Empress Wang's husband was Yang Pu (Emperor Rui), the final ruler of the Chinese state Wu during the Five Dynasties and Ten Kingdoms period.",Yang Pu,0.07407407407407407,0.0,1230,Who is Empress Wang's husband?,1,预测答案“Yang Pu”准确给出了标准答案中的核心实体，即吴国皇帝杨溥，直接且正确地回答了王皇后的丈夫是谁的问题。
45,1,oracle_full_attention,0.8,"Yang Pu's father was Yang Xingmi, a late-Tang Dynasty warlord and military governor of Huainan Circuit.",Yang Xingmi,0.25,0.0,1456,Who was the father of Yang Pu (Emperor Rui of Wu)?,1,预测答案“Yang Xingmi”准确给出了问题所问的核心实体，与标准答案中的关键信息完全一致，正确回答了杨溥的父亲是谁。
45,1,fusionrag_qk,0.8,"Yang Pu's father was Yang Xingmi, a late-Tang Dynasty warlord and military governor of Huainan Circuit.",Yang Xingmi,0.25,0.0,1456,Who was the father of Yang Pu (Emperor Rui of Wu)?,1,预测答案“Yang Xingmi”准确给出了问题所问的核心实体，与标准答案中的关键信息完全一致，正确回答了杨溥的父亲是谁。
45,1,draft_selected_set,0.8,"Yang Pu's father was Yang Xingmi, a late-Tang Dynasty warlord and military governor of Huainan Circuit.",Yang Xingmi,0.25,0.0,1456,Who was the father of Yang Pu (Emperor Rui of Wu)?,1,预测答案“Yang Xingmi”准确给出了问题所问的核心实体，与标准答案中的关键信息完全一致，正确回答了杨溥的父亲是谁。
46,0,oracle_full_attention,0.8,George VI was the King of the United Kingdom in 1951.,George VI,0.2666666666666667,0.0,1216,Who was the king of England in 1951?,1,预测答案“George VI”准确给出了问题所问的国王名字，包含了标准答案的核心实体，与标准答案在语义上完全等价，正确回答了问题。
46,0,fusionrag_qk,0.8,George VI was the King of the United Kingdom in 1951.,George VI,0.2666666666666667,0.0,1216,Who was the king of England in 1951?,1,预测答案“George VI”准确给出了问题所问的国王名字，包含了标准答案的核心实体，与标准答案在语义上完全等价，正确回答了问题。
46,0,draft_selected_set,0.8,George VI was the King of the United Kingdom in 1951.,George VI,0.2666666666666667,0.0,1216,Who was the king of England in 1951?,1,预测答案“George VI”准确给出了问题所问的国王名字，包含了标准答案的核心实体，与标准答案在语义上完全等价，正确回答了问题。
46,1,oracle_full_attention,0.8,Colin Firth,Colin Firth,1.0,1.0,1548,Which actor played King George VI in the film 'The King's Speech'?,1,预测答案“Colin Firth”与标准答案完全一致，准确包含了问题所询问的在电影《国王的演讲》中饰演乔治六世国王的演员信息，符合所有判断标准。
46,1,fusionrag_qk,0.8,Colin Firth,Colin Firth,1.0,1.0,1548,Which actor played King George VI in the film 'The King's Speech'?,1,预测答案“Colin Firth”与标准答案完全一致，准确包含了问题所询问的在电影《国王的演讲》中饰演乔治六世国王的演员信息，符合所有判断标准。
46,1,draft_selected_set,0.8,Colin Firth,Colin Firth,1.0,1.0,1548,Which actor played King George VI in the film 'The King's Speech'?,1,预测答案“Colin Firth”与标准答案完全一致，准确包含了问题所询问的在电影《国王的演讲》中饰演乔治六世国王的演员信息，符合所有判断标准。
50,0,oracle_full_attention,0.8,Henry III,Henry III,1.0,1.0,1337,Who is John's eldest son?,1,预测答案与标准答案完全一致，均为“Henry III”，准确包含了标准答案的核心实体，正确回答了关于约翰长子是谁的问题。
50,0,fusionrag_qk,0.8,Henry III,Richard,0,0.0,1337,Who is John's eldest son?,0,预测答案给出的名字是Richard，而标准答案是Henry III。两者在语义上完全不同，预测答案没有包含标准答案的核心实体信息，因此判断为错误。
50,0,draft_selected_set,0.8,Henry III,Henry III,1.0,1.0,1337,Who is John's eldest son?,1,预测答案与标准答案完全一致，均为“Henry III”，准确包含了标准答案的核心实体，正确回答了关于约翰长子是谁的问题。
50,1,oracle_full_attention,0.8,"John I of Cyprus (John II of Jerusalem) was crowned on May 11, 1284.",1284,0.25,0.0,1536,When was John's eldest son crowned?,1,预测答案“1284”准确包含了标准答案中关于加冕时间的核心年份信息，虽然缺少了具体的月日，但已经正确回答了问题所问的时间，语义上与标准答案的核心要点一致。
50,1,fusionrag_qk,0.8,"John I of Cyprus (John II of Jerusalem) was crowned on May 11, 1284.",1199,0.08333333333333333,0.0,1536,When was John's eldest son crowned?,0,预测答案给出的时间是1199年，而标准答案明确指出John的长子加冕时间是1284年5月11日。两者在时间信息上完全不一致，因此预测答案是错误的。
50,1,draft_selected_set,0.8,"John I of Cyprus (John II of Jerusalem) was crowned on May 11, 1284.",1184,0.25,0.0,1536,When was John's eldest son crowned?,0,预测答案给出的时间是1184年，而标准答案明确指出加冕时间是1284年5月11日。两者年份完全不符，预测答案未包含标准答案的关键信息。
50,2,oracle_full_attention,0.8,"John I of Cyprus (John II of Jerusalem) was crowned on May 11, 1284.",1284,0.25,0.0,1536,When was John's eldest son crowned?,1,预测答案“1284”准确包含了标准答案中关于加冕时间的核心年份信息，虽然缺少了具体的月日，但已经正确回答了问题所问的时间，语义上与标准答案的核心要点一致。
50,2,fusionrag_qk,0.8,"John I of Cyprus (John II of Jerusalem) was crowned on May 11, 1284.",1199,0.08333333333333333,0.0,1536,When was John's eldest son crowned?,0,预测答案给出的时间是1199年，而标准答案明确指出John的长子加冕时间是1284年5月11日。两者在时间信息上完全不一致，因此预测答案是错误的。
50,2,draft_selected_set,0.8,"John I of Cyprus (John II of Jerusalem) was crowned on May 11, 1284.",1184,0.25,0.0,1536,When was John's eldest son crowned?,0,预测答案给出的年份是1184，而标准答案明确指出加冕时间是1284年5月11日。两者在时间上存在明显差异，预测答案未包含标准答案的关键信息。
50,3,oracle_full_attention,0.8,"John I of Cyprus (John II of Jerusalem) was crowned on May 11, 1284.",1284,0.25,0.0,2263,When was John's eldest son crowned?,1,预测答案“1284”准确包含了标准答案中关于加冕时间的核心年份信息，虽然缺少了具体的月日，但已经正确回答了问题所问的时间，语义上与标准答案的核心要点一致。
50,3,fusionrag_qk,0.8,"John I of Cyprus (John II of Jerusalem) was crowned on May 11, 1284.",1199,0.08333333333333333,0.0,2263,When was John's eldest son crowned?,0,预测答案给出的时间是1199年，而标准答案明确指出John的长子加冕时间是1284年5月11日。两者在时间信息上完全不一致，因此预测答案是错误的。
50,3,draft_selected_set,0.8,"John I of Cyprus (John II of Jerusalem) was crowned on May 11, 1284.",1284,0.25,0.0,2263,When was John's eldest son crowned?,1,预测答案“1284”准确包含了标准答案中关于加冕时间的核心年份信息，虽然缺少了具体的月日，但已经正确回答了问题所问的时间，语义上与标准答案的核心要点一致。
51,0,oracle_full_attention,0.8,Geena Davis played Thelma in Thelma and Louise.,Geena Davis,0.35294117647058826,0.0,854,Who played Thelma in Thelma and Louise?,1,预测答案“Geena Davis”准确包含了标准答案中的核心实体信息，直接回答了谁在电影中扮演了Thelma这一问题，语义上与标准答案完全等价。
51,0,fusionrag_qk,0.8,Geena Davis played Thelma in Thelma and Louise.,Geena Davis,0.35294117647058826,0.0,854,Who played Thelma in Thelma and Louise?,1,预测答案“Geena Davis”准确包含了标准答案中的核心实体信息，直接回答了谁在电影中扮演了Thelma这一问题，语义上与标准答案完全等价。
51,0,draft_selected_set,0.8,Geena Davis played Thelma in Thelma and Louise.,Geena Davis,0.35294117647058826,0.0,854,Who played Thelma in Thelma and Louise?,1,预测答案“Geena Davis”准确包含了标准答案中的核心实体信息，直接回答了谁在电影中扮演了Thelma这一问题，语义上与标准答案完全等价。
51,1,oracle_full_attention,0.8,Geena Davis played the character Dottie Hinson.,Dottie Hinson,0.5,0.0,1226,What character did Geena Davis play in the movie A League of Their Own?,1,预测答案“Dottie Hinson”准确给出了问题所询问的角色名称，包含了标准答案的核心实体，与标准答案在语义上完全等价。
51,1,fusionrag_qk,0.8,Geena Davis played the character Dottie Hinson.,Dottie Hinson,0.5,0.0,1226,What character did Geena Davis play in the movie A League of Their Own?,1,预测答案“Dottie Hinson”准确给出了问题所询问的角色名称，包含了标准答案的核心实体，与标准答案在语义上完全等价。
51,1,draft_selected_set,0.8,Geena Davis played the character Dottie Hinson.,Dottie Hinson,0.5,0.0,1226,What character did Geena Davis play in the movie A League of Their Own?,1,预测答案“Dottie Hinson”准确给出了问题所询问的角色名称，包含了标准答案的核心实体，与标准答案在语义上完全等价。
52,0,oracle_full_attention,0.8,Geena Davis played Thelma in Thelma and Louise.,Geena Davis,0.35294117647058826,0.0,854,Who played Thelma in Thelma and Louise?,1,预测答案“Geena Davis”准确包含了标准答案中的核心实体信息，直接回答了谁在电影中扮演了Thelma这一问题，语义上与标准答案完全等价。
52,0,fusionrag_qk,0.8,Geena Davis played Thelma in Thelma and Louise.,Geena Davis,0.35294117647058826,0.0,854,Who played Thelma in Thelma and Louise?,1,预测答案“Geena Davis”准确包含了标准答案中的核心实体信息，直接回答了谁在电影中扮演了Thelma这一问题，语义上与标准答案完全等价。
52,0,draft_selected_set,0.8,Geena Davis played Thelma in Thelma and Louise.,Geena Davis,0.35294117647058826,0.0,854,Who played Thelma in Thelma and Louise?,1,预测答案“Geena Davis”准确包含了标准答案中的核心实体信息，直接回答了谁在电影中扮演了Thelma这一问题，语义上与标准答案完全等价。
52,1,oracle_full_attention,0.8,Geena Davis played the character Dottie Hinson.,Dottie Hinson,0.5,0.0,1070,Which character did Geena Davis play in the film A League of Their Own?,1,预测答案准确地给出了“Dottie Hinson”这一核心实体，与标准答案的关键信息完全一致，正确回答了问题。
52,1,fusionrag_qk,0.8,Geena Davis played the character Dottie Hinson.,Dottie Hinson,0.5,0.0,1070,Which character did Geena Davis play in the film A League of Their Own?,1,预测答案准确地给出了“Dottie Hinson”这一核心实体，与标准答案的关键信息完全一致，正确回答了问题。
52,1,draft_selected_set,0.8,Geena Davis played the character Dottie Hinson.,Dottie Hinson,0.5,0.0,1070,Which character did Geena Davis play in the film A League of Their Own?,1,预测答案准确地给出了“Dottie Hinson”这一核心实体，与标准答案的关键信息完全一致，正确回答了问题。
52,2,oracle_full_attention,0.8,"Bill Pullman played Bob, the husband of Dottie Hinson.",Bill Pullman,0.33333333333333337,0.0,1382,Who played the husband of Dottie Hinson in the film A League of Their Own?,1,预测答案“Bill Pullman”准确包含了标准答案中的核心实体信息，即扮演Dottie Hinson丈夫的演员名字，虽然缺少了角色的补充细节，但已正确回答了问题的核心要求。
52,2,fusionrag_qk,0.8,"Bill Pullman played Bob, the husband of Dottie Hinson.",Bill Pullman,0.33333333333333337,0.0,1382,Who played the husband of Dottie Hinson in the film A League of Their Own?,1,预测答案“Bill Pullman”准确包含了标准答案中的核心实体信息，即扮演Dottie Hinson丈夫的演员名字，虽然缺少了角色的补充细节，但已正确回答了问题的核心要求。
52,2,draft_selected_set,0.8,"Bill Pullman played Bob, the husband of Dottie Hinson.",Bill Pullman,0.33333333333333337,0.0,1382,Who played the husband of Dottie Hinson in the film A League of Their Own?,1,预测答案“Bill Pullman”准确包含了标准答案中的核心实体信息，即扮演Dottie Hinson丈夫的演员名字，虽然缺少了角色的补充细节，但已正确回答了问题的核心要求。
53,0,oracle_full_attention,0.8,Chiang Hsiao-wen's father is Chiang Ching-kuo.,Chiang Ching-kuo,0.5555555555555556,0.0,1132,Who is Chiang Hsiao-wen's father?,1,预测答案“Chiang Ching-kuo”直接给出了问题所问的人物，包含了标准答案的核心实体，且与标准答案在语义上完全等价，正确回答了问题。
53,0,fusionrag_qk,0.8,Chiang Hsiao-wen's father is Chiang Ching-kuo.,Chiang Ching-kuo,0.5555555555555556,0.0,1132,Who is Chiang Hsiao-wen's father?,1,预测答案“Chiang Ching-kuo”直接给出了问题所问的人物，包含了标准答案的核心实体，且与标准答案在语义上完全等价，正确回答了问题。
53,0,draft_selected_set,0.8,Chiang Hsiao-wen's father is Chiang Ching-kuo.,Chiang Ching-kuo,0.5555555555555556,0.0,1132,Who is Chiang Hsiao-wen's father?,1,预测答案“Chiang Ching-kuo”直接给出了问题所问的人物，包含了标准答案的核心实体，且与标准答案在语义上完全等价，正确回答了问题。
54,0,oracle_full_attention,0.8,Geena Davis played Thelma in the movie 'Thelma & Louise'.,Geena Davis,0.35294117647058826,0.0,781,Who played Thelma in the movie 'Thelma and Louise'?,1,预测答案“Geena Davis”准确包含了标准答案中的核心实体信息，直接回答了谁在电影中扮演了Thelma的问题，语义上与标准答案完全等价。
54,0,fusionrag_qk,0.8,Geena Davis played Thelma in the movie 'Thelma & Louise'.,Geena Davis,0.35294117647058826,0.0,781,Who played Thelma in the movie 'Thelma and Louise'?,1,预测答案“Geena Davis”准确包含了标准答案中的核心实体信息，直接回答了谁在电影中扮演了Thelma的问题，语义上与标准答案完全等价。
54,0,draft_selected_set,0.8,Geena Davis played Thelma in the movie 'Thelma & Louise'.,Geena Davis,0.35294117647058826,0.0,781,Who played Thelma in the movie 'Thelma and Louise'?,1,预测答案“Geena Davis”准确包含了标准答案中的核心实体信息，直接回答了谁在电影中扮演了Thelma的问题，语义上与标准答案完全等价。
54,1,oracle_full_attention,0.8,Geena Davis played the character Dottie Hinson.,Dottie Hinson,0.5,0.0,1435,Which character did Geena Davis play in the movie 'A League of Their Own'?,1,预测答案“Dottie Hinson”准确包含了标准答案中的核心实体，即吉娜·戴维斯在电影中扮演的角色名称，与标准答案在语义上完全等价，正确回答了问题。
54,1,fusionrag_qk,0.8,Geena Davis played the character Dottie Hinson.,Dottie Hinson,0.5,0.0,1435,Which character did Geena Davis play in the movie 'A League of Their Own'?,1,预测答案“Dottie Hinson”准确包含了标准答案中的核心实体，即吉娜·戴维斯在电影中扮演的角色名称，与标准答案在语义上完全等价，正确回答了问题。
54,1,draft_selected_set,0.8,Geena Davis played the character Dottie Hinson.,Dottie Hinson,0.5,0.0,1435,Which character did Geena Davis play in the movie 'A League of Their Own'?,1,预测答案“Dottie Hinson”准确包含了标准答案中的核心实体，即吉娜·戴维斯在电影中扮演的角色名称，与标准答案在语义上完全等价，正确回答了问题。
55,0,oracle_full_attention,0.8,"The movie 'Yeh Raaste Hain Pyaar Ke' (2001) stars Preity Zinta, Madhuri Dixit, and Ajay Devgn.","Dil Kya Kare , Mrityudand",0.05128205128205128,0.0,1195,"Movies starring Preity Zinta, Madhuri Dixit, and Ajay Devgn",0,预测答案给出的电影是“Dil Kya Kare”和“Mrityudand”，并未包含标准答案中的核心实体电影“Yeh Raaste Hain Pyaar Ke”，因此未能正确回答问题。
55,0,fusionrag_qk,0.8,"The movie 'Yeh Raaste Hain Pyaar Ke' (2001) stars Preity Zinta, Madhuri Dixit, and Ajay Devgn.","Dil Kya Kare , Har Dil Jo Pyar Karega , U Me Aur Hum",0.0425531914893617,0.0,1195,"Movies starring Preity Zinta, Madhuri Dixit, and Ajay Devgn",0,"预测答案列出的电影（Dil Kya Kare , Har Dil Jo Pyar Karega , U Me Aur Hum）均未包含标准答案中的核心实体电影《Yeh Raaste Hain Pyaar Ke》，缺少关键信息，因此未能正确回答问题。"
55,0,draft_selected_set,0.8,"The movie 'Yeh Raaste Hain Pyaar Ke' (2001) stars Preity Zinta, Madhuri Dixit, and Ajay Devgn.","Yeh Raaste Hain Pyaar Ke, Dil Kya Kare, Pyar Ka Devta, U Me Aur Hum",0.34615384615384615,0.0,1195,"Movies starring Preity Zinta, Madhuri Dixit, and Ajay Devgn",1,预测答案中包含了标准答案的核心实体“Yeh Raaste Hain Pyaar Ke”，虽然它还列出了其他电影，但已经成功涵盖并提供了标准答案所要求的关键信息。
56,0,oracle_full_attention,0.8,"Bansaan Island is a boomerang-shaped island located off the mid-northern coast of Bohol Island, Philippines, and is part of the municipality of Talibon.","Bansaan is a boomerang-shaped island located off the mid-northern coast of Bohol Island, part of the municipality of Talibon, province.",0.912280701754386,0.0,1032,Where is Bansaan Island located?,0,预测答案虽然包含了大部分关键信息，但结尾处的“province”显得语义不通且不完整，且遗漏了标准答案中明确指出的“Philippines”这一核心地理位置实体，未能完整且准确地回答该岛屿的所在位置。
56,0,fusionrag_qk,0.8,"Bansaan Island is a boomerang-shaped island located off the mid-northern coast of Bohol Island, Philippines, and is part of the municipality of Talibon.",off the mid-northern coast of Bohol Island,0.4210526315789474,0.0,1032,Where is Bansaan Island located?,1,预测答案“off the mid-northern coast of Bohol Island”准确包含了标准答案中关于该岛屿地理位置的核心关键信息，语义上完全一致，正确回答了问题。
56,0,draft_selected_set,0.8,"Bansaan Island is a boomerang-shaped island located off the mid-northern coast of Bohol Island, Philippines, and is part of the municipality of Talibon.","Bansaan is a boomerang-shaped island located off the mid-northern coast of Bohol Island, part of the municipality of Talibon, province.",0.912280701754386,0.0,1032,Where is Bansaan Island located?,0,预测答案虽然包含了大部分关键信息，但结尾处的“province”显得语义不通且不完整，且遗漏了标准答案中明确指出的“Philippines”这一核心地理位置实体，未能完整且准确地回答该岛屿的所在位置。
57,0,oracle_full_attention,0.8,Woolhampton in Berkshire,Woolhampton in Berkshire,1.0,1.0,933,Where was Ernie Watts born?,1,预测答案与标准答案完全一致，均包含了“Woolhampton in Berkshire”这一关键信息，准确回答了Ernie Watts的出生地，语义完全等价。
57,0,fusionrag_qk,0.8,Woolhampton in Berkshire,Berkshire,0.25,0.0,933,Where was Ernie Watts born?,0,预测答案“Berkshire”只提供了出生地所在的郡，而缺少了标准答案中的核心实体“Woolhampton”。虽然两者相关，但未包含标准答案的关键信息，因此判断为错误。
57,0,draft_selected_set,0.8,Woolhampton in Berkshire,Woolhampton in Berkshire,1.0,1.0,933,Where was Ernie Watts born?,1,预测答案与标准答案完全一致，均包含了“Woolhampton in Berkshire”这一关键信息，准确回答了Ernie Watts的出生地，语义完全等价。
58,0,oracle_full_attention,0.8,"Lynn Haven, Florida","1950, Lynn Haven, Florida",0.4,0.0,914,Where was James Finch born?,1,"预测答案包含了标准答案中的核心地点信息“Lynn Haven, Florida”，准确回答了James Finch的出生地。虽然多出了出生年份“1950”，但并未改变对问题核心的回答，语义上与标准答案完全一致。"
58,0,fusionrag_qk,0.8,"Lynn Haven, Florida","1950, Lynn Haven, Florida",0.4,0.0,914,Where was James Finch born?,1,"预测答案包含了标准答案中的核心地点信息“Lynn Haven, Florida”，准确回答了James Finch的出生地。虽然多出了出生年份“1950”，但并未改变对问题核心的回答，语义上与标准答案完全一致。"
58,0,draft_selected_set,0.8,"Lynn Haven, Florida","1950, Lynn Haven, Florida",0.4,0.0,914,Where was James Finch born?,1,"预测答案包含了标准答案中的核心地点信息“Lynn Haven, Florida”，准确回答了James Finch的出生地。虽然多出了出生年份“1950”，但并未改变对问题核心的回答，语义上与标准答案完全一致。"
58,1,oracle_full_attention,0.8,Bay County,Bay County,1.0,1.0,945,"Which county is Lynn Haven, Florida located in?",1,预测答案“Bay County”与标准答案完全一致，准确地包含了问题所询问的县名这一核心实体信息，语义上完全等价，因此判断为正确。
58,1,fusionrag_qk,0.8,Bay County,Bay County,1.0,1.0,945,"Which county is Lynn Haven, Florida located in?",1,预测答案“Bay County”与标准答案完全一致，准确地包含了问题所询问的县名这一核心实体信息，语义上完全等价，因此判断为正确。
58,1,draft_selected_set,0.8,Bay County,Bay County,1.0,1.0,945,"Which county is Lynn Haven, Florida located in?",1,预测答案“Bay County”与标准答案完全一致，准确地包含了问题所询问的县名这一核心实体信息，语义上完全等价，因此判断为正确。
59,0,oracle_full_attention,0.8,"Valerie Hobson, Leslie Perrins, and Robert Cochran starred in the movie No Escape.","Valerie Hobson, Leslie Perrins and Robert Cochran",0.8387096774193548,0.0,1028,Who starred in the movie No Escape?,1,"预测答案包含了标准答案中的全部核心人物信息，即Valerie Hobson, Leslie Perrins和Robert Cochran。虽然缺少了“starred in the movie No Escape”等修饰性文字，但语义上与标准答案完全等价，准确回答了问题。"
59,0,fusionrag_qk,0.8,"Valerie Hobson, Leslie Perrins, and Robert Cochran starred in the movie No Escape.","Valerie Hobson, Leslie Perrins and Robert Cochran",0.8387096774193548,0.0,1028,Who starred in the movie No Escape?,1,"预测答案包含了标准答案中的全部核心人物信息，即Valerie Hobson, Leslie Perrins和Robert Cochran。虽然缺少了“starred in the movie No Escape”等修饰性文字，但语义上与标准答案完全等价，准确回答了问题。"
59,0,draft_selected_set,0.8,"Valerie Hobson, Leslie Perrins, and Robert Cochran starred in the movie No Escape.","Valerie Hobson, Leslie Perrins and Robert Cochran",0.8387096774193548,0.0,1028,Who starred in the movie No Escape?,1,"预测答案包含了标准答案中的全部核心人物信息，即Valerie Hobson, Leslie Perrins和Robert Cochran。虽然缺少了“starred in the movie No Escape”等修饰性文字，但语义上与标准答案完全等价，准确回答了问题。"
59,1,oracle_full_attention,0.8,Valerie Hobson was married to John Profumo.,Valerie Hobson was married to former British government minister John Profumo.,0.8181818181818181,0.0,845,"Which of the actors from No Escape (Valerie Hobson, Leslie Perrins, or Robert Cochran) was married and to whom?",1,预测答案包含了标准答案的核心实体信息，指出了Valerie Hobson嫁给了John Profumo。虽然增加了“former British government minister”这一修饰语，但语义上与标准答案完全等价，准确回答了问题。
59,1,fusionrag_qk,0.8,Valerie Hobson was married to John Profumo.,"Valerie Hobson was married to John Profumo, who was a former British government minister.",0.7499999999999999,0.0,845,"Which of the actors from No Escape (Valerie Hobson, Leslie Perrins, or Robert Cochran) was married and to whom?",1,预测答案包含了标准答案的核心信息，即Valerie Hobson与John Profumo结婚。虽然预测答案额外补充了John Profumo的身份信息，但这并未改变核心语义，与标准答案完全等价。
59,1,draft_selected_set,0.8,Valerie Hobson was married to John Profumo.,"Valerie Hobson was married to John Profumo, who was a former British government minister.",0.7499999999999999,0.0,845,"Which of the actors from No Escape (Valerie Hobson, Leslie Perrins, or Robert Cochran) was married and to whom?",1,预测答案包含了标准答案的核心信息，即Valerie Hobson与John Profumo结婚。虽然预测答案额外补充了John Profumo的身份信息，但这并未改变核心语义，与标准答案完全等价。
60,0,oracle_full_attention,0.8,Chiang Ching-kuo,Chiang Ching-kuo,1.0,1.0,985,Who is the father of Chian Hsiao-chang?,1,预测答案与标准答案完全一致，均为“Chiang Ching-kuo”，准确包含了核心实体信息，正确回答了关于Chian Hsiao-chang父亲是谁的问题。
60,0,fusionrag_qk,0.8,Chiang Ching-kuo,Chiang Ching-kuo,1.0,1.0,985,Who is the father of Chian Hsiao-chang?,1,预测答案与标准答案完全一致，均为“Chiang Ching-kuo”，准确包含了核心实体信息，正确回答了关于Chian Hsiao-chang父亲是谁的问题。
60,0,draft_selected_set,0.8,Chiang Ching-kuo,Chiang Ching-kuo,1.0,1.0,985,Who is the father of Chian Hsiao-chang?,1,预测答案与标准答案完全一致，均为“Chiang Ching-kuo”，准确包含了核心实体信息，正确回答了关于Chian Hsiao-chang父亲是谁的问题。
60,1,oracle_full_attention,0.8,"Chiang Ching-kuo had four legitimate children with his wife Faina Ipatyevna Vakhreva (Chiang Fang-liang): Chiang Hsiao-wen (eldest son), Chiang Hsiao-chang (daughter), Chiang Hsiao-wu (second son), and Chiang Hsiao-yung (youngest son). He also had two half-brothers with other mothers: Winston Chang and John Chiang.","Chiang Hsiao-wen, Chiang Hsiao-chang, Chiang Hsiao-wu, Hsiao-wen, Hsiao-chang, Hsiao-yung, Winston Chang, John Chiang",0.5000000000000001,0.0,1570,What are all the children of Chiang Ching-kuo?,0,预测答案虽然包含了大部分子女的姓名，但遗漏了标准答案中的“Chiang Hsiao-yung”，且重复列出了“Hsiao-wen”和“Hsiao-chang”，未能完整且准确地列出所有子女，缺少关键信息。
60,1,fusionrag_qk,0.8,"Chiang Ching-kuo had four legitimate children with his wife Faina Ipatyevna Vakhreva (Chiang Fang-liang): Chiang Hsiao-wen (eldest son), Chiang Hsiao-chang (daughter), Chiang Hsiao-wu (second son), and Chiang Hsiao-yung (youngest son). He also had two half-brothers with other mothers: Winston Chang and John Chiang.","Chiang Hsiao-wen, Chiang Hsiao-chang, Chiang Hsiao-wu",0.3617021276595745,0.0,1570,What are all the children of Chiang Ching-kuo?,0,预测答案遗漏了部分子女，仅列出了三个孩子，缺少了Chiang Hsiao-yung以及同父异母的兄弟Winston Chang和John Chiang，未包含标准答案的全部关键信息。
60,1,draft_selected_set,0.8,"Chiang Ching-kuo had four legitimate children with his wife Faina Ipatyevna Vakhreva (Chiang Fang-liang): Chiang Hsiao-wen (eldest son), Chiang Hsiao-chang (daughter), Chiang Hsiao-wu (second son), and Chiang Hsiao-yung (youngest son). He also had two half-brothers with other mothers: Winston Chang and John Chiang.","Chiang Ching-kuo's children include Chiang Hsiao-wen, Chiang Hsiao-chang, and Chiang Hsiao-wu. He also had two half-brothers, Winston Chang and John Chiang.",0.6495726495726496,0.0,1570,What are all the children of Chiang Ching-kuo?,0,预测答案遗漏了标准答案中的一个核心实体，即蒋经国的幼子蒋孝勇（Chiang Hsiao-yung）。因此，预测答案未能包含标准答案的全部关键信息，不能被视为完全正确。
63,0,oracle_full_attention,0.8,"Fort Mitchell, Kentucky","Fort Mitchell, Kentucky",1.0,1.0,1177,Where was Snappy Tomato Pizza founded?,1,"预测答案与标准答案完全一致，都明确指出了Snappy Tomato Pizza的成立地点为Fort Mitchell, Kentucky，包含了所有关键信息，语义完全等价。"
63,0,fusionrag_qk,0.8,"Fort Mitchell, Kentucky","Fort Mitchell, Kentucky",1.0,1.0,1177,Where was Snappy Tomato Pizza founded?,1,"预测答案与标准答案完全一致，都明确指出了Snappy Tomato Pizza的成立地点为Fort Mitchell, Kentucky，包含了所有关键信息，语义完全等价。"
63,0,draft_selected_set,0.8,"Fort Mitchell, Kentucky","Fort Mitchell, Kentucky",1.0,1.0,1177,Where was Snappy Tomato Pizza founded?,1,"预测答案与标准答案完全一致，都明确指出了Snappy Tomato Pizza的成立地点为Fort Mitchell, Kentucky，包含了所有关键信息，语义完全等价。"
63,1,oracle_full_attention,0.8,Kenton County,Kenton County,1.0,1.0,668,"Which county is Fort Mitchell, Kentucky located in?",1,"预测答案“Kenton County”与标准答案完全一致，准确包含了问题所询问的核心实体信息，正确回答了Fort Mitchell, Kentucky所在的县。"
63,1,fusionrag_qk,0.8,Kenton County,Kenton County,1.0,1.0,668,"Which county is Fort Mitchell, Kentucky located in?",1,"预测答案“Kenton County”与标准答案完全一致，准确包含了问题所询问的核心实体信息，正确回答了Fort Mitchell, Kentucky所在的县。"
63,1,draft_selected_set,0.8,Kenton County,Kenton County,1.0,1.0,668,"Which county is Fort Mitchell, Kentucky located in?",1,"预测答案“Kenton County”与标准答案完全一致，准确包含了问题所询问的核心实体信息，正确回答了Fort Mitchell, Kentucky所在的县。"
64,0,oracle_full_attention,0.8,The United States Naval Institute,United States Naval Institute,1.0,1.0,728,Who is the publisher of In the Shadow of Greatness?,1,预测答案“United States Naval Institute”与标准答案“The United States Naval Institute”在语义上完全等价，仅缺少了定冠词“The”，属于措辞上的细微差异，包含了核心实体信息，正确回答了问题。
64,0,fusionrag_qk,0.8,The United States Naval Institute,United States Naval Institute,1.0,1.0,728,Who is the publisher of In the Shadow of Greatness?,1,预测答案“United States Naval Institute”与标准答案“The United States Naval Institute”在语义上完全等价，仅缺少了定冠词“The”，属于措辞上的细微差异，包含了核心实体信息，正确回答了问题。
64,0,draft_selected_set,0.8,The United States Naval Institute,United States Naval Institute,1.0,1.0,728,Who is the publisher of In the Shadow of Greatness?,1,预测答案“United States Naval Institute”与标准答案“The United States Naval Institute”在语义上完全等价，仅缺少了定冠词“The”，属于措辞上的细微差异，包含了核心实体信息，正确回答了问题。
64,1,oracle_full_attention,0.8,"Annapolis, Maryland","Annapolis, Maryland",1.0,1.0,876,Where are the headquarters of the United States Naval Institute located?,1,"预测答案与标准答案完全一致，均为“Annapolis, Maryland”，准确包含了问题所询问的美国海军学会总部所在地的核心地理位置信息，语义完全等价。"
64,1,fusionrag_qk,0.8,"Annapolis, Maryland","Annapolis, Maryland",1.0,1.0,876,Where are the headquarters of the United States Naval Institute located?,1,"预测答案与标准答案完全一致，均为“Annapolis, Maryland”，准确包含了问题所询问的美国海军学会总部所在地的核心地理位置信息，语义完全等价。"
64,1,draft_selected_set,0.8,"Annapolis, Maryland","Annapolis, Maryland",1.0,1.0,876,Where are the headquarters of the United States Naval Institute located?,1,"预测答案与标准答案完全一致，均为“Annapolis, Maryland”，准确包含了问题所询问的美国海军学会总部所在地的核心地理位置信息，语义完全等价。"
66,0,oracle_full_attention,0.8,Eugene V. Debs was the Socialist Party candidate in the 1912 US presidential election.,Eugene V. Debs,0.4347826086956522,0.0,1252,Who was the socialist candidate in the 1912 US presidential election?,1,预测答案“Eugene V. Debs”准确包含了标准答案的核心实体信息，直接且正确地回答了1912年美国总统选举中的社会党候选人是 whom，语义上与标准答案完全等价。
66,0,fusionrag_qk,0.8,Eugene V. Debs was the Socialist Party candidate in the 1912 US presidential election.,Eugene V. Debs,0.4347826086956522,0.0,1252,Who was the socialist candidate in the 1912 US presidential election?,1,预测答案“Eugene V. Debs”准确包含了标准答案的核心实体信息，直接且正确地回答了1912年美国总统选举中的社会党候选人是 whom，语义上与标准答案完全等价。
66,0,draft_selected_set,0.8,Eugene V. Debs was the Socialist Party candidate in the 1912 US presidential election.,Eugene V. Debs,0.4347826086956522,0.0,1252,Who was the socialist candidate in the 1912 US presidential election?,1,预测答案“Eugene V. Debs”准确包含了标准答案的核心实体信息，直接且正确地回答了1912年美国总统选举中的社会党候选人是 whom，语义上与标准答案完全等价。
68,0,oracle_full_attention,0.8,"Lloyd Dane was born in Eldon, Missouri.",Missouri,0.19999999999999998,0.0,820,Where was Lloyd Dane born?,0,预测答案“Missouri”虽然包含了标准答案中的州名，但缺少了核心的具体出生地实体“Eldon”。仅回答州名不够准确，未能完整包含标准答案的关键信息。
68,0,fusionrag_qk,0.8,"Lloyd Dane was born in Eldon, Missouri.","Eldon, Missouri",0.3636363636363636,0.0,820,Where was Lloyd Dane born?,1,"预测答案“Eldon, Missouri”包含了标准答案中的核心地点信息，虽然省略了主语和谓语，但在语义上与标准答案完全等价，准确回答了问题。"
68,0,draft_selected_set,0.8,"Lloyd Dane was born in Eldon, Missouri.",Missouri,0.19999999999999998,0.0,820,Where was Lloyd Dane born?,0,预测答案“Missouri”仅提供了出生所在的州，缺少了标准答案中的核心实体和具体出生地“Eldon”，因此未能完整且正确地回答问题。
68,1,oracle_full_attention,0.8,Miller County,Miller County,1.0,1.0,842,"Which county does Eldon, Missouri belong to?",1,"预测答案与标准答案完全一致，均明确指出了Eldon, Missouri所属的县为Miller County，准确包含了核心实体信息，正确回答了问题。"
68,1,fusionrag_qk,0.8,Miller County,Miller County,1.0,1.0,842,"Which county does Eldon, Missouri belong to?",1,"预测答案与标准答案完全一致，均明确指出了Eldon, Missouri所属的县为Miller County，准确包含了核心实体信息，正确回答了问题。"
68,1,draft_selected_set,0.8,Miller County,Miller County,1.0,1.0,842,"Which county does Eldon, Missouri belong to?",1,"预测答案与标准答案完全一致，均明确指出了Eldon, Missouri所属的县为Miller County，准确包含了核心实体信息，正确回答了问题。"
71,0,oracle_full_attention,0.8,Annelid larvae live like plankton.,eruciform,0,0.0,1296,What creature do annelid larvae live like?,0,预测答案“eruciform”指的是毛虫状，这与标准答案中指出的“plankton”（浮游生物）在语义上不一致，缺少了标准答案的核心实体，因此判断为错误。
71,0,fusionrag_qk,0.8,Annelid larvae live like plankton.,elateriform,0,0.0,1296,What creature do annelid larvae live like?,0,预测答案“elateriform”描述的是一种特定的幼虫形态（通常用于甲虫），而标准答案明确指出环节动物幼虫像“plankton”（浮游生物）一样生活。两者在语义上完全不同，预测答案未包含标准答案的核心信息。
71,0,draft_selected_set,0.8,Annelid larvae live like plankton.,eruciform,0,0.0,1296,What creature do annelid larvae live like?,0,预测答案“eruciform”指的是毛虫状，这与标准答案中指出的核心信息“plankton”（浮游生物）在语义上不一致，缺少标准答案的核心实体，因此判断为错误。
71,1,oracle_full_attention,0.8,Plankton,Patrick Star,0,0.0,1778,Which character in Spongebob Squarepants has the same name as the creature that annelid larvae live like (plankton)?,0,预测答案“Patrick Star”与标准答案“Plankton”完全不同。问题询问的是与浮游生物同名的角色，正确答案应为Plankton，而Patrick Star是另一个不同的角色，未包含核心实体信息。
71,1,fusionrag_qk,0.8,Plankton,Plankton,1.0,1.0,1778,Which character in Spongebob Squarepants has the same name as the creature that annelid larvae live like (plankton)?,1,预测答案“Plankton”与标准答案完全一致，准确给出了《海绵宝宝》中与浮游生物同名的角色，符合所有判断标准。
71,1,draft_selected_set,0.8,Plankton,Plankton,1.0,1.0,1778,Which character in Spongebob Squarepants has the same name as the creature that annelid larvae live like (plankton)?,1,预测答案“Plankton”与标准答案完全一致，准确给出了《海绵宝宝》中与浮游生物同名的角色，符合所有判断标准。
72,0,oracle_full_attention,0.8,The song 'Full Cooperation' was performed by the American hip hop group Def Squad.,Def Squad,0.16666666666666669,0.0,1278,Who performed the song Full Cooperation?,1,预测答案“Def Squad”准确包含了标准答案中的核心实体，即表演该歌曲的艺术家名称，与标准答案在语义上完全一致，正确回答了问题。
72,0,fusionrag_qk,0.8,The song 'Full Cooperation' was performed by the American hip hop group Def Squad.,Def Squad,0.16666666666666669,0.0,1278,Who performed the song Full Cooperation?,1,预测答案“Def Squad”准确包含了标准答案中的核心实体，即表演该歌曲的艺术家名称，与标准答案在语义上完全一致，正确回答了问题。
72,0,draft_selected_set,0.8,The song 'Full Cooperation' was performed by the American hip hop group Def Squad.,Def Squad,0.16666666666666669,0.0,1278,Who performed the song Full Cooperation?,1,预测答案“Def Squad”准确包含了标准答案中的核心实体，即表演该歌曲的艺术家名称，与标准答案在语义上完全一致，正确回答了问题。
72,1,oracle_full_attention,0.8,"The American hip hop group Def Squad consists of Erick Sermon, Redman, and Keith Murray. Jamal is considered an honorary member.","Erick Sermon, Redman and Keith Murray",0.5625,0.0,941,Who are the members of the American hip hop group Def Squad?,1,"预测答案准确包含了标准答案中的核心成员信息，即Erick Sermon, Redman和Keith Murray。虽然它省略了作为荣誉成员的Jamal，但已经完整回答了该组合的主要正式成员是谁的问题，语义上与标准答案的核心内容保持一致。"
72,1,fusionrag_qk,0.8,"The American hip hop group Def Squad consists of Erick Sermon, Redman, and Keith Murray. Jamal is considered an honorary member.","Erick Sermon, Redman and Keith Murray",0.5625,0.0,941,Who are the members of the American hip hop group Def Squad?,1,"预测答案准确包含了标准答案中的核心成员信息，即Erick Sermon, Redman和Keith Murray。虽然它省略了作为荣誉成员的Jamal，但已经完整回答了该组合的主要正式成员是谁的问题，语义上与标准答案的核心内容保持一致。"
72,1,draft_selected_set,0.8,"The American hip hop group Def Squad consists of Erick Sermon, Redman, and Keith Murray. Jamal is considered an honorary member.","Erick Sermon, Redman and Keith Murray",0.5625,0.0,941,Who are the members of the American hip hop group Def Squad?,1,"预测答案准确包含了标准答案中的核心成员信息，即Erick Sermon, Redman和Keith Murray。虽然它省略了作为荣誉成员的Jamal，但已经完整回答了该组合的主要正式成员是谁的问题，语义上与标准答案的核心内容保持一致。"
74,0,oracle_full_attention,0.8,Anil Devgan's sibling is Ajay Devgan.,Ajay Devgan,0.4615384615384615,0.0,1000,Who is Anil Devgan's sibling?,1,预测答案“Ajay Devgan”直接给出了问题所询问的核心实体，包含了标准答案的关键信息，且与标准答案在语义上完全等价，只是省略了主语，不影响意思表达。
74,0,fusionrag_qk,0.8,Anil Devgan's sibling is Ajay Devgan.,Ajay Devgan,0.4615384615384615,0.0,1000,Who is Anil Devgan's sibling?,1,预测答案“Ajay Devgan”直接给出了问题所询问的核心实体，包含了标准答案的关键信息，且与标准答案在语义上完全等价，只是省略了主语，不影响意思表达。
74,0,draft_selected_set,0.8,Anil Devgan's sibling is Ajay Devgan.,Ajay Devgan,0.4615384615384615,0.0,1000,Who is Anil Devgan's sibling?,1,预测答案“Ajay Devgan”直接给出了问题所询问的核心实体，包含了标准答案的关键信息，且与标准答案在语义上完全等价，只是省略了主语，不影响意思表达。
74,1,oracle_full_attention,0.8,"The films featuring Ajay Devgan are: U Me Aur Hum, Yeh Raaste Hain Pyaar Ke, and Dil Kya Kare.","U Me Aur Hum, Dil Kya Kare, Raju Chacha, Blackmail (2005 film)",0.3636363636363636,0.0,1246,Which films feature Ajay Devgan?,0,预测答案虽然包含了部分标准答案中的电影，但遗漏了标准答案中的核心实体“Yeh Raaste Hain Pyaar Ke”，且包含了不在标准答案中的电影，因此未能正确且完整地回答问题。
74,1,fusionrag_qk,0.8,"The films featuring Ajay Devgan are: U Me Aur Hum, Yeh Raaste Hain Pyaar Ke, and Dil Kya Kare.","U Me Aur Hum, Yeh Raaste Hain Pyaar Ke, Dil Kya Kare, Har Dil Jo Pyar Karega",0.68,0.0,1246,Which films feature Ajay Devgan?,0,预测答案虽然包含了标准答案中的三部电影，但额外加入了“Har Dil Jo Pyar Karega”这一不在标准答案中的电影，导致两者在语义上并不等价，因此判断为错误。
74,1,draft_selected_set,0.8,"The films featuring Ajay Devgan are: U Me Aur Hum, Yeh Raaste Hain Pyaar Ke, and Dil Kya Kare.","U Me Aur Hum, Dil Kya Kare, Yeh Raaste Hain Pyaar Ke, Raju Chacha, Blackmail (2005 film), and Parched.",0.6428571428571428,0.0,1246,Which films feature Ajay Devgan?,1,预测答案不仅完整包含了标准答案中提到的所有电影，还额外补充了其他由Ajay Devgan出演的影片，符合问题要求且语义一致。
75,0,oracle_full_attention,0.8,"Eugene V. Debs was the Socialist Party candidate who received 913,664 votes in the 1920 election while in prison.",Eugene V. Debs,0.29411764705882354,0.0,1262,Who was the candidate that received a million votes in the 1920 election while in prison?,1,预测答案准确给出了问题所询问的核心人物实体“Eugene V. Debs”，与标准答案的核心信息完全一致，正确回答了问题。
75,0,fusionrag_qk,0.8,"Eugene V. Debs was the Socialist Party candidate who received 913,664 votes in the 1920 election while in prison.",Eugene V. Debs,0.29411764705882354,0.0,1262,Who was the candidate that received a million votes in the 1920 election while in prison?,1,预测答案准确给出了问题所询问的核心人物实体“Eugene V. Debs”，与标准答案的核心信息完全一致，正确回答了问题。
75,0,draft_selected_set,0.8,"Eugene V. Debs was the Socialist Party candidate who received 913,664 votes in the 1920 election while in prison.",Eugene V. Debs,0.29411764705882354,0.0,1262,Who was the candidate that received a million votes in the 1920 election while in prison?,1,预测答案准确给出了问题所询问的核心人物实体“Eugene V. Debs”，与标准答案的核心信息完全一致，正确回答了问题。
77,0,oracle_full_attention,0.8,Richard Feynman worked on the Water Boiler reactor at Los Alamos.,Los Alamos,0.2666666666666667,0.0,1488,Where did Richard Feynman work on the Water Boiler reactor?,1,预测答案“Los Alamos”准确包含了标准答案中的核心地点实体，与标准答案在语义上完全一致，正确回答了问题所问的工作地点。
77,0,fusionrag_qk,0.8,Richard Feynman worked on the Water Boiler reactor at Los Alamos.,Oak Ridge,0,0.0,1488,Where did Richard Feynman work on the Water Boiler reactor?,0,预测答案给出的地点是Oak Ridge，而标准答案明确指出Richard Feynman是在Los Alamos进行Water Boiler反应堆工作的。两者地点信息不一致，预测答案缺少标准答案的核心实体，因此判断为错误。
77,0,draft_selected_set,0.8,Richard Feynman worked on the Water Boiler reactor at Los Alamos.,Los Alamos,0.2666666666666667,0.0,1488,Where did Richard Feynman work on the Water Boiler reactor?,1,预测答案“Los Alamos”准确包含了标准答案中的核心地点实体，与标准答案在语义上完全一致，正确回答了问题所问的工作地点。
77,1,oracle_full_attention,0.8,"The Manhattan Project took place at Los Alamos, and its director was Robert Oppenheimer.","The Manhattan Project, directed by Robert Oppenheimer, took place at Los Alamos.",0.7999999999999999,0.0,1766,Which atomic bomb development project took place at Los Alamos and who was its director?,1,预测答案包含了标准答案的所有关键信息，明确指出了发生在洛斯阿拉莫斯的项目是曼哈顿计划，且其负责人是罗伯特·奥本海默。两者在语义上完全等价，仅措辞略有不同，完整且准确地回答了问题。
77,1,fusionrag_qk,0.8,"The Manhattan Project took place at Los Alamos, and its director was Robert Oppenheimer.","The Manhattan Project was the atomic bomb development project that took place at Los Alamos, and its director was Robert Oppenheimer.",0.8421052631578948,0.0,1766,Which atomic bomb development project took place at Los Alamos and who was its director?,1,预测答案完整包含了标准答案中的关键信息，即曼哈顿计划以及负责人罗伯特·奥本海默，且语义与标准答案完全等价，准确回答了问题。
77,1,draft_selected_set,0.8,"The Manhattan Project took place at Los Alamos, and its director was Robert Oppenheimer.","The Manhattan Project, directed by Robert Oppenheimer, took place at Los Alamos.",0.7999999999999999,0.0,1766,Which atomic bomb development project took place at Los Alamos and who was its director?,1,预测答案包含了标准答案的所有关键信息，明确指出了发生在洛斯阿拉莫斯的项目是曼哈顿计划，且其负责人是罗伯特·奥本海默。两者在语义上完全等价，仅措辞略有不同，完整且准确地回答了问题。
78,0,oracle_full_attention,0.8,Patrick Modiano,Patrick Modiano,1.0,1.0,708,Who is the author of Missing Person?,1,预测答案与标准答案完全一致，都明确指出了《Missing Person》的作者是Patrick Modiano，包含了标准答案的核心信息，语义完全等价。
78,0,fusionrag_qk,0.8,Patrick Modiano,Patrick Modiano,1.0,1.0,708,Who is the author of Missing Person?,1,预测答案与标准答案完全一致，都明确指出了《Missing Person》的作者是Patrick Modiano，包含了标准答案的核心信息，语义完全等价。
78,0,draft_selected_set,0.8,Patrick Modiano,Patrick Modiano,1.0,1.0,708,Who is the author of Missing Person?,1,预测答案与标准答案完全一致，都明确指出了《Missing Person》的作者是Patrick Modiano，包含了标准答案的核心信息，语义完全等价。
78,1,oracle_full_attention,0.8,"Patrick Modiano received the 2014 Nobel Prize in Literature, the 2012 Austrian State Prize for European Literature, the 2010 Prix mondial Cino Del Duca, the 1978 Prix Goncourt, and the 1972 Grand Prix du roman de l'Académie française.",2014 Nobel Prize in Literature,0.2285714285714286,0.0,1432,What award did Patrick Modiano receive?,1,预测答案准确包含了标准答案中最具代表性和最核心的关键信息，即“2014诺贝尔文学奖”。虽然它没有列出标准答案中的其他所有奖项，但已经正确且实质性地回答了问题，符合包含核心信息的要求。
78,1,fusionrag_qk,0.8,"Patrick Modiano received the 2014 Nobel Prize in Literature, the 2012 Austrian State Prize for European Literature, the 2010 Prix mondial Cino Del Duca, the 1978 Prix Goncourt, and the 1972 Grand Prix du roman de l'Académie française.",2014 Nobel Prize in Literature,0.2285714285714286,0.0,1432,What award did Patrick Modiano receive?,1,预测答案准确包含了标准答案中最具代表性和最核心的关键信息，即“2014诺贝尔文学奖”。虽然它没有列出标准答案中的其他所有奖项，但已经正确且实质性地回答了问题，符合包含核心信息的要求。
78,1,draft_selected_set,0.8,"Patrick Modiano received the 2014 Nobel Prize in Literature, the 2012 Austrian State Prize for European Literature, the 2010 Prix mondial Cino Del Duca, the 1978 Prix Goncourt, and the 1972 Grand Prix du roman de l'Académie française.",2014 Nobel Prize in Literature,0.2285714285714286,0.0,1432,What award did Patrick Modiano receive?,1,预测答案准确包含了标准答案中最具代表性和最核心的关键信息，即“2014诺贝尔文学奖”。虽然它没有列出标准答案中的其他所有奖项，但已经正确且实质性地回答了问题，符合包含核心信息的要求。
79,0,oracle_full_attention,0.8,"The cast includes Ajay Devgan, Kajol, Karan Khanna, Isha Sharvani, Sumeet Raghavan, and Divya Dutta.","Ajay Devgan, Kajol, Karan Khanna, Isha Sharvani, Sumeet Raghavan, and Divya Dutta",0.962962962962963,0.0,1010,Who are the cast members of the movie U Me Aur Hum?,1,预测答案完整地列出了标准答案中的所有演员名字，包含了所有的关键信息，且在语义上与标准答案完全等价，仅仅是省略了开头的引导语，符合允许措辞细微差异的评判标准。
79,0,fusionrag_qk,0.8,"The cast includes Ajay Devgan, Kajol, Karan Khanna, Isha Sharvani, Sumeet Raghavan, and Divya Dutta.","Ajay Devgan, Kajol, Karan Khanna, Isha Sharvani, Sumeet Raghavan, and Divya Dutta",0.962962962962963,0.0,1010,Who are the cast members of the movie U Me Aur Hum?,1,预测答案完整地列出了标准答案中的所有演员名字，包含了所有的关键信息，且在语义上与标准答案完全等价，仅仅是省略了开头的引导语，符合允许措辞细微差异的评判标准。
79,0,draft_selected_set,0.8,"The cast includes Ajay Devgan, Kajol, Karan Khanna, Isha Sharvani, Sumeet Raghavan, and Divya Dutta.","Ajay Devgan, Kajol, Karan Khanna, Isha Sharvani, Sumeet Raghavan, and Divya Dutta",0.962962962962963,0.0,1010,Who are the cast members of the movie U Me Aur Hum?,1,预测答案完整地列出了标准答案中的所有演员名字，包含了所有的关键信息，且在语义上与标准答案完全等价，仅仅是省略了开头的引导语，符合允许措辞细微差异的评判标准。
79,1,oracle_full_attention,0.8,The only Bollywood movie featuring both Preity Zinta and Madhuri Dixit is 'Yeh Raaste Hain Pyaar Ke'.,Har Dil Jo Pyar Karega,0.060606060606060615,0.0,1255,Which Bollywood movies feature both Preity Zinta and Madhuri Dixit in their cast?,0,预测答案给出的电影是“Har Dil Jo Pyar Karega”，而标准答案明确指出唯一同时由Preity Zinta和Madhuri Dixit出演的电影是“Yeh Raaste Hain Pyaar Ke”。预测答案与标准答案的核心实体不一致，缺少标准答案的关键信息。
79,1,fusionrag_qk,0.8,The only Bollywood movie featuring both Preity Zinta and Madhuri Dixit is 'Yeh Raaste Hain Pyaar Ke'.,"Har Dil Jo Pyar Karega, Diya Aur Toofan",0.05128205128205129,0.0,1255,Which Bollywood movies feature both Preity Zinta and Madhuri Dixit in their cast?,0,预测答案列出的电影是“Har Dil Jo Pyar Karega”和“Diya Aur Toofan”，这与标准答案中的电影“Yeh Raaste Hain Pyaar Ke”完全不符。预测答案未能包含标准答案的核心实体，因此是错误的。
79,1,draft_selected_set,0.8,The only Bollywood movie featuring both Preity Zinta and Madhuri Dixit is 'Yeh Raaste Hain Pyaar Ke'.,"Yeh Raaste Hain Pyaar Ke, Diya Aur Toofan",0.4,0.0,1255,Which Bollywood movies feature both Preity Zinta and Madhuri Dixit in their cast?,0,预测答案虽然包含了标准答案中的电影“Yeh Raaste Hain Pyaar Ke”，但它额外添加了“Diya Aur Toofan”。根据标准答案，唯一同时由这两位演员出演的电影只有一部，因此预测答案引入了错误的多余信息，在语义上与标准答案不等价。
79,2,oracle_full_attention,0.8,"The cast includes Madhuri Dixit, Ajay Devgn, and Preity Zinta.","Madhuri Dixit, Ajay Devgn, Preity Zinta",0.896551724137931,0.0,1101,What is the cast list for the movie 'Yeh Raaste Hain Pyaar Ke'?,1,"预测答案包含了标准答案中的所有核心演员名字，即Madhuri Dixit, Ajay Devgn和Preity Zinta。虽然缺少了前缀的修饰性词语，但在语义上与标准答案完全等价，准确地回答了问题。"
79,2,fusionrag_qk,0.8,"The cast includes Madhuri Dixit, Ajay Devgn, and Preity Zinta.","Madhuri Dixit, Ajay Devgn, Preity Zinta",0.896551724137931,0.0,1101,What is the cast list for the movie 'Yeh Raaste Hain Pyaar Ke'?,1,"预测答案包含了标准答案中的所有核心演员名字，即Madhuri Dixit, Ajay Devgn和Preity Zinta。虽然缺少了前缀的修饰性词语，但在语义上与标准答案完全等价，准确地回答了问题。"
79,2,draft_selected_set,0.8,"The cast includes Madhuri Dixit, Ajay Devgn, and Preity Zinta.","Madhuri Dixit, Ajay Devgn, Preity Zinta",0.896551724137931,0.0,1101,What is the cast list for the movie 'Yeh Raaste Hain Pyaar Ke'?,1,"预测答案包含了标准答案中的所有核心演员名字，即Madhuri Dixit, Ajay Devgn和Preity Zinta。虽然缺少了前缀的修饰性词语，但在语义上与标准答案完全等价，准确地回答了问题。"
