example_id,sub_question_id,selector,rate,ground_truth,predicted,f1,em,selected_tokens
0,0,oracle_full_attention,0.15,National Cycle Route 57 is part of the United Kingdom's National Cycle Network (NCN).,National Cycle Network,0.23529411764705882,0.0,196
0,0,fusionrag_qk,0.15,National Cycle Route 57 is part of the United Kingdom's National Cycle Network (NCN).,National Cycle Network,0.23529411764705882,0.0,196
0,0,draft_selected_set,0.15,National Cycle Route 57 is part of the United Kingdom's National Cycle Network (NCN).,National Cycle Network,0.23529411764705882,0.0,196
1,0,oracle_full_attention,0.15,"Corfe Mullen, Dorset, England","Dorset, England",0.5454545454545454,0.0,194
1,0,fusionrag_qk,0.15,"Corfe Mullen, Dorset, England","Corfe Mullen, Dorset, England",1.0,1.0,194
1,0,draft_selected_set,0.15,"Corfe Mullen, Dorset, England","Dorset, England",0.5454545454545454,0.0,194
2,0,oracle_full_attention,0.15,"Coffee Swamp is located on the northern edge of Washington Island, in Door County, Wisconsin.","Coffee Swamp is located on the northern edge of Washington Island, in Door County Wisconsin.",1.0,1.0,216
2,0,fusionrag_qk,0.15,"Coffee Swamp is located on the northern edge of Washington Island, in Door County, Wisconsin.","Coffee Swamp is located on the northern edge of Washington Island, in Door County Wisconsin.",1.0,1.0,216
2,0,draft_selected_set,0.15,"Coffee Swamp is located on the northern edge of Washington Island, in Door County, Wisconsin.","Coffee Swamp is located on the northern edge of Washington Island, in Door County Wisconsin.",1.0,1.0,216
3,0,oracle_full_attention,0.15,Johan Ludvig Heiberg is the child of Peter Andreas Heiberg.,Johan Ludvig Heiberg,0.5714285714285715,0.0,173
3,0,fusionrag_qk,0.15,Johan Ludvig Heiberg is the child of Peter Andreas Heiberg.,Johan Ludvig Heiberg,0.5714285714285715,0.0,173
3,0,draft_selected_set,0.15,Johan Ludvig Heiberg is the child of Peter Andreas Heiberg.,Johan Ludvig Heiberg,0.5714285714285715,0.0,173
3,1,oracle_full_attention,0.15,Johanne Luise Heiberg,Johanne Luise Heiberg,1.0,1.0,202
3,1,fusionrag_qk,0.15,Johanne Luise Heiberg,Johanne Luise Heiberg,1.0,1.0,202
3,1,draft_selected_set,0.15,Johanne Luise Heiberg,Johanne Luise Heiberg,1.0,1.0,202
4,0,oracle_full_attention,0.15,"Alice de Lusignan had a uterine half-brother, King Henry III of England.","Henry III, Richard, Joan, Maud",0.22222222222222218,0.0,176
4,0,fusionrag_qk,0.15,"Alice de Lusignan had a uterine half-brother, King Henry III of England.","John of Gaunt, 1st Duke of Lancaster and Isabella of Angoulême",0.05555555555555555,0.0,176
4,0,draft_selected_set,0.15,"Alice de Lusignan had a uterine half-brother, King Henry III of England.","King Henry III of England and Joan de Geneville, 1st Baroness Geneville",0.41025641025641024,0.0,176
4,1,oracle_full_attention,0.15,Henry III was first crowned in 1216 at Gloucester Cathedral and had a second coronation on 17 May 1220 at Westminster Abbey.,1220,0.15384615384615385,0.0,311
4,1,fusionrag_qk,0.15,Henry III was first crowned in 1216 at Gloucester Cathedral and had a second coronation on 17 May 1220 at Westminster Abbey.,1220,0.15384615384615385,0.0,311
4,1,draft_selected_set,0.15,Henry III was first crowned in 1216 at Gloucester Cathedral and had a second coronation on 17 May 1220 at Westminster Abbey.,1216 and 1220,0.4,0.0,311
6,0,oracle_full_attention,0.15,Ernst Mach was employed at Charles University in Prague.,Charles University in Prague,0.625,0.0,223
6,0,fusionrag_qk,0.15,Ernst Mach was employed at Charles University in Prague.,Charles University in Prague,0.625,0.0,223
6,0,draft_selected_set,0.15,Ernst Mach was employed at Charles University in Prague.,Charles University in Prague,0.625,0.0,223
7,0,oracle_full_attention,0.15,The Mach number is named after the Austrian physicist and philosopher Ernst Mach.,Ernst Mach,0.2857142857142857,0.0,238
7,0,fusionrag_qk,0.15,The Mach number is named after the Austrian physicist and philosopher Ernst Mach.,Ernst Mach,0.2857142857142857,0.0,238
7,0,draft_selected_set,0.15,The Mach number is named after the Austrian physicist and philosopher Ernst Mach.,Ernst Mach,0.2857142857142857,0.0,238
7,1,oracle_full_attention,0.15,Ernst Mach was a professor at Charles University in Prague.,"Charles University in PragueDocumentDocument: Friedrich Hayek: Initially sympathetic to Wieser's democratic socialism, Hayek's economic thinking shifted away from socialism and toward the classical liberalism of Carl Menger after reading von Mises' book Socialism. It was sometime after reading Socialism that Hayek began attending von M",0.11940298507462686,0.0,219
7,1,fusionrag_qk,0.15,Ernst Mach was a professor at Charles University in Prague.,Charles University in Prague,0.625,0.0,219
7,1,draft_selected_set,0.15,Ernst Mach was a professor at Charles University in Prague.,Charles University in Prague,0.625,0.0,219
9,0,oracle_full_attention,0.15,King Richard I of England,Richard I,0.5,0.0,299
9,0,fusionrag_qk,0.15,King Richard I of England,Richard I,0.5,0.0,299
9,0,draft_selected_set,0.15,King Richard I of England,Richard I,0.5,0.0,299
9,1,oracle_full_attention,0.15,"King Richard I led a large fleet from Messina to Acre in April 1191, which was dispersed by a storm.",Richard the Lion-hearted's fleet in April 1191 that left Messina to reach Acre was dispersed by a storm.,0.7391304347826085,0.0,408
9,1,fusionrag_qk,0.15,"King Richard I led a large fleet from Messina to Acre in April 1191, which was dispersed by a storm.","Richard the Lion-hearted left Messina with a large fleet in April 1191 in order to reach Acre, but a storm dispersed the fleet.",0.6530612244897959,0.0,408
9,1,draft_selected_set,0.15,"King Richard I led a large fleet from Messina to Acre in April 1191, which was dispersed by a storm.","Richard the Lion-hearted left Messina with a large fleet in order to reach Acre, but a storm dispersed the fleet.",0.47619047619047616,0.0,408
10,0,oracle_full_attention,0.15,George Packer,George Packer,1.0,1.0,225
10,0,fusionrag_qk,0.15,George Packer,George Packer,1.0,1.0,225
10,0,draft_selected_set,0.15,George Packer,George Packer,1.0,1.0,225
10,1,oracle_full_attention,0.15,Peace Corps,Peace Corps,1.0,1.0,260
10,1,fusionrag_qk,0.15,Peace Corps,Peace Corps,1.0,1.0,260
10,1,draft_selected_set,0.15,Peace Corps,Peace Corps,1.0,1.0,260
11,0,oracle_full_attention,0.15,The song 'Bang Bang Rock & Roll' was performed by the British rock band Art Brut.,Art Brut,0.15384615384615385,0.0,184
11,0,fusionrag_qk,0.15,The song 'Bang Bang Rock & Roll' was performed by the British rock band Art Brut.,Art Brut,0.15384615384615385,0.0,184
11,0,draft_selected_set,0.15,The song 'Bang Bang Rock & Roll' was performed by the British rock band Art Brut.,Art Brut,0.15384615384615385,0.0,184
11,1,oracle_full_attention,0.15,Eddie Argos,Eddie Argos,1.0,1.0,180
11,1,fusionrag_qk,0.15,Eddie Argos,Eddie Argos,1.0,1.0,180
11,1,draft_selected_set,0.15,Eddie Argos,Eddie Argos,1.0,1.0,180
12,0,oracle_full_attention,0.15,Compaq initiated a successful price war among PC manufacturers in 1994.,Compaq,0.13333333333333333,0.0,301
12,0,fusionrag_qk,0.15,Compaq initiated a successful price war among PC manufacturers in 1994.,Compaq,0.13333333333333333,0.0,301
12,0,draft_selected_set,0.15,Compaq initiated a successful price war among PC manufacturers in 1994.,Compaq,0.13333333333333333,0.0,301
12,1,oracle_full_attention,0.15,Hewlett Packard,"Hewlett PackardDocument: On February 8, 2011, the Membase project founders and Membase, Inc. announced a merger with CouchOne (a company with many of the principal players behind CouchDB) with an associated project merger. The merged company was called Couchbase, Inc.",0.15384615384615385,0.0,315
12,1,fusionrag_qk,0.15,Hewlett Packard,Hewlett-Packard,0.4444444444444445,0.0,315
12,1,draft_selected_set,0.15,Hewlett Packard,Hewlett-Packard,0.4444444444444445,0.0,315
13,0,oracle_full_attention,0.15,"Katherine of England was the fifth child of King Henry III and Eleanor of Provence. She was born on 25 November 1253, was either deaf-mute or deaf and mentally challenged, was very sickly, possibly had a degenerative disease, and died at Windsor on 3 May 1257 before reaching her fourth year.","5th child of Henry III and Eleanor of Provence, ruled as king for most of the 13th century.",0.3516483516483516,0.0,171
13,0,fusionrag_qk,0.15,"Katherine of England was the fifth child of King Henry III and Eleanor of Provence. She was born on 25 November 1253, was either deaf-mute or deaf and mentally challenged, was very sickly, possibly had a degenerative disease, and died at Windsor on 3 May 1257 before reaching her fourth year.","Katherine of England was the fifth child of Henry III and his wife Eleanor of Provence, and ruled as king for the majority of the 13th century.",0.4444444444444445,0.0,171
13,0,draft_selected_set,0.15,"Katherine of England was the fifth child of King Henry III and Eleanor of Provence. She was born on 25 November 1253, was either deaf-mute or deaf and mentally challenged, was very sickly, possibly had a degenerative disease, and died at Windsor on 3 May 1257 before reaching her fourth year.","Katherine of England was the fifth child of Henry III and his wife Eleanor of Provence. She was born either a deaf-mute or just deaf and mentally challenged, did not survive her fourth year, and died in 1257.",0.672566371681416,0.0,171
13,1,oracle_full_attention,0.15,Henry III was first crowned in 1216 and had a second coronation in 1220.,1216,0.24000000000000002,0.0,312
13,1,fusionrag_qk,0.15,Henry III was first crowned in 1216 and had a second coronation in 1220.,1216,0.24000000000000002,0.0,312
13,1,draft_selected_set,0.15,Henry III was first crowned in 1216 and had a second coronation in 1220.,1216,0.24000000000000002,0.0,312
14,0,oracle_full_attention,0.15,"Natalie Wood played the little girl, Susan Walker, in the 1947 film Miracle on 34th Street.",Natalie Wood,0.16666666666666669,0.0,158
14,0,fusionrag_qk,0.15,"Natalie Wood played the little girl, Susan Walker, in the 1947 film Miracle on 34th Street.",Natalie Wood,0.16666666666666669,0.0,158
14,0,draft_selected_set,0.15,"Natalie Wood played the little girl, Susan Walker, in the 1947 film Miracle on 34th Street.",Natalie Wood,0.16666666666666669,0.0,158
14,1,oracle_full_attention,0.15,Lana Wood is the sibling of actress Natalie Wood.,"Document: List of show business families: Phylicia Rashād is the older sister of performer Debbie Allen, who is married to former NBA basketball player Norm Nixon. Phylicia Rashād is the former spouse of both Victor Willis, former lead singer of the group Village People, and former NFL football player",0.08823529411764706,0.0,252
14,1,fusionrag_qk,0.15,Lana Wood is the sibling of actress Natalie Wood.,Mara Wilson,0,0.0,252
14,1,draft_selected_set,0.15,Lana Wood is the sibling of actress Natalie Wood.,Lana Wood,0.33333333333333337,0.0,252
15,0,oracle_full_attention,0.15,"Culberson County, Texas","Pine Springs is located in west Falls County, Texas.",0.3333333333333333,0.0,101
15,0,fusionrag_qk,0.15,"Culberson County, Texas",Perry County,0.3333333333333333,0.0,101
15,0,draft_selected_set,0.15,"Culberson County, Texas",Culberson County,0.8571428571428571,0.0,101
15,1,oracle_full_attention,0.15,Van Horn,Van Horn,1.0,1.0,168
15,1,fusionrag_qk,0.15,Van Horn,"Culberson County does not have a county seat mentioned in the provided documents. However, based on the information given about Pine Springs, Texas, which is described as ""the closest settlement to the headquarters of Guadalupe Mountains National Park"" and is in northern Culberson County, it can be inferred that",0,0.0,168
15,1,draft_selected_set,0.15,Van Horn,Van Horn,1.0,1.0,168
16,0,oracle_full_attention,0.15,Compaq was the top PC manufacturer in 1994.,Compaq,0.16666666666666669,0.0,227
16,0,fusionrag_qk,0.15,Compaq was the top PC manufacturer in 1994.,Compaq,0.16666666666666669,0.0,227
16,0,draft_selected_set,0.15,Compaq was the top PC manufacturer in 1994.,Compaq,0.16666666666666669,0.0,227
16,1,oracle_full_attention,0.15,Compaq merged with Hewlett Packard (HP) in 2002.,"Hewlett PackardDocument: The company produced several titles with small development teams. This proved fatal with the rising standards of full priced games. With falling sales and important figures leaving the company, Software 2000 filed for bankruptcy in 2002.",0.36065573770491804,0.0,328
16,1,fusionrag_qk,0.15,Compaq merged with Hewlett Packard (HP) in 2002.,Hewlett Packard,0.4210526315789474,0.0,328
16,1,draft_selected_set,0.15,Compaq merged with Hewlett Packard (HP) in 2002.,Hewlett-Packard,0.2,0.0,328
17,0,oracle_full_attention,0.15,George VI was the King of the United Kingdom in 1950.,George VI,0.2666666666666667,0.0,212
17,0,fusionrag_qk,0.15,George VI was the King of the United Kingdom in 1950.,George VI,0.2666666666666667,0.0,212
17,0,draft_selected_set,0.15,George VI was the King of the United Kingdom in 1950.,George VI,0.2666666666666667,0.0,212
17,1,oracle_full_attention,0.15,Colin Firth,Colin Firth,1.0,1.0,290
17,1,fusionrag_qk,0.15,Colin Firth,George VI,0,0.0,290
17,1,draft_selected_set,0.15,Colin Firth,Colin Firth,1.0,1.0,290
18,0,oracle_full_attention,0.15,Natalie Wood played Susan Walker in Miracle on 34th Street.,Natalie Wood,0.25,0.0,153
18,0,fusionrag_qk,0.15,Natalie Wood played Susan Walker in Miracle on 34th Street.,Natalie Wood,0.25,0.0,153
18,0,draft_selected_set,0.15,Natalie Wood played Susan Walker in Miracle on 34th Street.,Natalie Wood,0.25,0.0,153
18,1,oracle_full_attention,0.15,Natalie Wood's sister is Lana Wood. The documents do not mention a brother.,John Payne,0,0.0,180
18,1,fusionrag_qk,0.15,Natalie Wood's sister is Lana Wood. The documents do not mention a brother.,Lana Wood,0.2857142857142857,0.0,180
18,1,draft_selected_set,0.15,Natalie Wood's sister is Lana Wood. The documents do not mention a brother.,Lana Wood,0.2857142857142857,0.0,180
19,0,oracle_full_attention,0.15,"Kris Benson, a former Major League Baseball pitcher.",Kris Benson,0.5454545454545454,0.0,155
19,0,fusionrag_qk,0.15,"Kris Benson, a former Major League Baseball pitcher.",Kris Benson,0.5454545454545454,0.0,155
19,0,draft_selected_set,0.15,"Kris Benson, a former Major League Baseball pitcher.",Kris Benson,0.5454545454545454,0.0,155
19,1,oracle_full_attention,0.15,"Kris Benson played for the Pittsburgh Pirates, New York Mets, and Baltimore Orioles.","Benson played for the Pittsburgh Pirates and the New York Mets, and the Baltimore Orioles in Major League Baseball.",0.8292682926829269,0.0,237
19,1,fusionrag_qk,0.15,"Kris Benson played for the Pittsburgh Pirates, New York Mets, and Baltimore Orioles.",Pittsburgh Pirates,0.2727272727272727,0.0,237
19,1,draft_selected_set,0.15,"Kris Benson played for the Pittsburgh Pirates, New York Mets, and Baltimore Orioles.",Pittsburgh Pirates,0.2727272727272727,0.0,237
20,0,oracle_full_attention,0.15,Joni James,Answer: Joni James,0.8,0.0,227
20,0,fusionrag_qk,0.15,Joni James,Joni James,1.0,1.0,227
20,0,draft_selected_set,0.15,Joni James,Joni James,1.0,1.0,227
20,1,oracle_full_attention,0.15,MGM Records,Sharp Records,0.6666666666666666,0.0,339
20,1,fusionrag_qk,0.15,MGM Records,Sharp Records,0.6666666666666666,0.0,339
20,1,draft_selected_set,0.15,MGM Records,Sharp Records,0.6666666666666666,0.0,339
21,0,oracle_full_attention,0.15,Henry III,Henry III,1.0,1.0,262
21,0,fusionrag_qk,0.15,Henry III,Henry III,1.0,1.0,262
21,0,draft_selected_set,0.15,Henry III,Henry III,1.0,1.0,262
21,1,oracle_full_attention,0.15,"Henry III was first crowned in 1216 at Gloucester Cathedral, and then again at Westminster Abbey in 1220.","1216, 1220",0.4210526315789474,0.0,317
21,1,fusionrag_qk,0.15,"Henry III was first crowned in 1216 at Gloucester Cathedral, and then again at Westminster Abbey in 1220.",1216,0.18181818181818182,0.0,317
21,1,draft_selected_set,0.15,"Henry III was first crowned in 1216 at Gloucester Cathedral, and then again at Westminster Abbey in 1220.",1216 and 1220,0.4615384615384615,0.0,317
24,0,oracle_full_attention,0.15,Joni James sang the song 'You Belong to Me'.,Lesley Gore,0,0.0,233
24,0,fusionrag_qk,0.15,Joni James sang the song 'You Belong to Me'.,Sue Thompson and Joni James,0.26666666666666666,0.0,233
24,0,draft_selected_set,0.15,Joni James sang the song 'You Belong to Me'.,Joni James,0.4,0.0,233
24,1,oracle_full_attention,0.15,Joni James was signed to MGM Records.,Kirtland Records,0.18181818181818182,0.0,299
24,1,fusionrag_qk,0.15,Joni James was signed to MGM Records.,Roxy Recordings,0,0.0,299
24,1,draft_selected_set,0.15,Joni James was signed to MGM Records.,M-G-M Records,0.4,0.0,299
25,0,oracle_full_attention,0.15,Central Equatoria,Jeju,0,0.0,118
25,0,fusionrag_qk,0.15,Central Equatoria,Federal Capital Territory,0,0.0,118
25,0,draft_selected_set,0.15,Central Equatoria,Central Equatoria,1.0,1.0,118
25,1,oracle_full_attention,0.15,Eastern Equatoria shares a border with Central Equatoria.,"Jimma Arjo, Endegagn, and Badigeru Swamp share a border with Central Equatoria. Jimma Arjo is bordered on the southwest by the Didessa River which separates it from the Illubabor Zone, and Badigeru Swamp lies in the Central Equatoria and Eastern Equatoria states of",0.2222222222222222,0.0,169
25,1,fusionrag_qk,0.15,Eastern Equatoria shares a border with Central Equatoria.,"Jimma Arjo, Badigeru Swamp",0,0.0,169
25,1,draft_selected_set,0.15,Eastern Equatoria shares a border with Central Equatoria.,"Badigeru Swamp, Central African Republic, Gera, and Namibia share a border with Central Equatoria.",0.3846153846153846,0.0,169
26,0,oracle_full_attention,0.15,Colin Firth,Colin Firth,1.0,1.0,230
26,0,fusionrag_qk,0.15,Colin Firth,Colin Firth,1.0,1.0,230
26,0,draft_selected_set,0.15,Colin Firth,Colin Firth,1.0,1.0,230
27,0,oracle_full_attention,0.15,The cast includes Harry Hamlin as Steve and Deborah Van Valkenburgh as Tina.,"Jeffrey Dexter ""Jeff"" Boomhauer III, commonly referred to as Boomhauer, is a fictional character in the Fox animated series King of the Hill. The character is voiced by series creator Mike Judge.",0.037037037037037035,0.0,200
27,0,fusionrag_qk,0.15,The cast includes Harry Hamlin as Steve and Deborah Van Valkenburgh as Tina.,Harry Hamlin as Steve,0.39999999999999997,0.0,200
27,0,draft_selected_set,0.15,The cast includes Harry Hamlin as Steve and Deborah Van Valkenburgh as Tina.,Steve (Harry Hamlin),0.4166666666666667,0.0,200
27,1,oracle_full_attention,0.15,Lisa Rinna,Lisa Rinna,1.0,1.0,216
27,1,fusionrag_qk,0.15,Lisa Rinna,Lisa Rinna,1.0,1.0,216
27,1,draft_selected_set,0.15,Lisa Rinna,Lisa Rinna,1.0,1.0,216
32,0,oracle_full_attention,0.15,Albert assumed the regnal name 'George VI'.,George VI,0.4,0.0,215
32,0,fusionrag_qk,0.15,Albert assumed the regnal name 'George VI'.,George VI,0.4,0.0,215
32,0,draft_selected_set,0.15,Albert assumed the regnal name 'George VI'.,George VI,0.4,0.0,215
32,1,oracle_full_attention,0.15,Colin Firth,Colin Firth,1.0,1.0,258
32,1,fusionrag_qk,0.15,Colin Firth,Colin Firth,1.0,1.0,258
32,1,draft_selected_set,0.15,Colin Firth,Colin Firth,1.0,1.0,258
33,0,oracle_full_attention,0.15,"Park Rapids, Minnesota","Licensed to Cumulus MediaDocument: KOLL (106.3 FM) is a radio station licensed in Lonoke, Arkansas, broadcasting to the Little Rock, Arkansas, area. However, the question asks about KPRM. KPRM (870 AM) is a radio station in Park",0,0.0,116
33,0,fusionrag_qk,0.15,"Park Rapids, Minnesota","Park Rapids, Minnesota",1.0,1.0,116
33,0,draft_selected_set,0.15,"Park Rapids, Minnesota","870 AM KPRM is licensed to broadcast in Park Rapids, Minnesota.",0.4210526315789474,0.0,116
35,0,oracle_full_attention,0.15,The author of Prince Prigio is Andrew Lang.,Andrew Lang,0.3636363636363636,0.0,176
35,0,fusionrag_qk,0.15,The author of Prince Prigio is Andrew Lang.,Andrew Lang,0.3636363636363636,0.0,176
35,0,draft_selected_set,0.15,The author of Prince Prigio is Andrew Lang.,Andrew Lang,0.3636363636363636,0.0,176
35,1,oracle_full_attention,0.15,Andrew Lang died in 1912.,1912,0.5,0.0,182
35,1,fusionrag_qk,0.15,Andrew Lang died in 1912.,1912,0.5,0.0,182
35,1,draft_selected_set,0.15,Andrew Lang died in 1912.,1912,0.5,0.0,182
36,0,oracle_full_attention,0.15,"Greenfield, Indiana","1956 in Greenfield, IndianaDocument: Mark Dismore (born October 12, 1956 in Greenfield, Indiana) is a former driver in the Indy Racing League and the 1990 Toyota Pacific champion as well as the winner of the 199",0.10169491525423728,0.0,219
36,0,fusionrag_qk,0.15,"Greenfield, Indiana","1956 in Greenfield, Indiana",0.5454545454545454,0.0,219
36,0,draft_selected_set,0.15,"Greenfield, Indiana","Greenfield, Indiana",1.0,1.0,219
36,1,oracle_full_attention,0.15,"Greenfield, Indiana is located in Hancock County.",Hancock County,0.1818181818181818,0.0,273
36,1,fusionrag_qk,0.15,"Greenfield, Indiana is located in Hancock County.",Hancock County,0.1818181818181818,0.0,273
36,1,draft_selected_set,0.15,"Greenfield, Indiana is located in Hancock County.",Hancock County,0.1818181818181818,0.0,273
37,0,oracle_full_attention,0.15,Nannina de' Medici's parents were Piero di Cosimo de' Medici and Lucrezia Tornabuoni.,Piero di Cosimo de' Medici and Lucrezia Tornabuoni,0.7368421052631579,0.0,160
37,0,fusionrag_qk,0.15,Nannina de' Medici's parents were Piero di Cosimo de' Medici and Lucrezia Tornabuoni.,Piero di Cosimo de' Medici and Lucrezia Tornabuoni,0.7368421052631579,0.0,160
37,0,draft_selected_set,0.15,Nannina de' Medici's parents were Piero di Cosimo de' Medici and Lucrezia Tornabuoni.,Piero di Cosimo de' Medici and Lucrezia Tornabuoni,0.7368421052631579,0.0,160
37,1,oracle_full_attention,0.15,Nannina de' Medici's siblings were Lorenzo de' Medici and Giuliano de' Medici.,Lorenzo de' Medici,0.32000000000000006,0.0,193
37,1,fusionrag_qk,0.15,Nannina de' Medici's siblings were Lorenzo de' Medici and Giuliano de' Medici.,Lorenzo de' Medici,0.32000000000000006,0.0,193
37,1,draft_selected_set,0.15,Nannina de' Medici's siblings were Lorenzo de' Medici and Giuliano de' Medici.,"Lorenzo de' Medici, Giuliano de' Medici",0.6451612903225806,0.0,193
38,0,oracle_full_attention,0.15,"NRHEG High School is located in New Richland, Minnesota.","11237 Kingston Pike, New Richland, Minnesota",0.4,0.0,121
38,0,fusionrag_qk,0.15,"NRHEG High School is located in New Richland, Minnesota.","New Richland, Minnesota",0.5,0.0,121
38,0,draft_selected_set,0.15,"NRHEG High School is located in New Richland, Minnesota.","New Richland, Minnesota",0.5,0.0,121
38,1,oracle_full_attention,0.15,"New Richland is located in Waseca County, Minnesota.",Waseca County,0.42857142857142855,0.0,148
38,1,fusionrag_qk,0.15,"New Richland is located in Waseca County, Minnesota.",Waseca County,0.42857142857142855,0.0,148
38,1,draft_selected_set,0.15,"New Richland is located in Waseca County, Minnesota.",Waseca County,0.42857142857142855,0.0,148
39,0,oracle_full_attention,0.15,Janatha Vimukthi Peramuna,Janatha Vimukthi Peramuna,1.0,1.0,144
39,0,fusionrag_qk,0.15,Janatha Vimukthi Peramuna,Janatha Vimukthi Peramuna,1.0,1.0,144
39,0,draft_selected_set,0.15,Janatha Vimukthi Peramuna,Janatha Vimukthi Peramuna,1.0,1.0,144
39,1,oracle_full_attention,0.15,The Janatha Vimukthi Peramuna was founded by Rohana Wijeweera.,Patabendi Don Jinadasa Nandasiri Wijeweera,0.20689655172413793,0.0,203
39,1,fusionrag_qk,0.15,The Janatha Vimukthi Peramuna was founded by Rohana Wijeweera.,"Patabendi Don Jinadasa Nandasiri Wijeweera, known as Rohana Wijeweera, founded the Janatha Vimukthi Peramuna.",0.608695652173913,0.0,203
39,1,draft_selected_set,0.15,The Janatha Vimukthi Peramuna was founded by Rohana Wijeweera.,Patabendi Don Jinadasa Nandasiri Wijeweera,0.20689655172413793,0.0,203
40,0,oracle_full_attention,0.15,"Larry Alcala estudió en la Universidad de Filipinas, donde obtuvo un título de Licenciado en Bellas Artes en Pintura.",University of the Philippines,0,0.0,163
40,0,fusionrag_qk,0.15,"Larry Alcala estudió en la Universidad de Filipinas, donde obtuvo un título de Licenciado en Bellas Artes en Pintura.",University of the Philippines,0,0.0,163
40,0,draft_selected_set,0.15,"Larry Alcala estudió en la Universidad de Filipinas, donde obtuvo un título de Licenciado en Bellas Artes en Pintura.",University of the Philippines,0,0.0,163
40,1,oracle_full_attention,0.15,Military instruction began at the University of the Philippines in 1912.,1912,0.375,0.0,227
40,1,fusionrag_qk,0.15,Military instruction began at the University of the Philippines in 1912.,1912,0.375,0.0,227
40,1,draft_selected_set,0.15,Military instruction began at the University of the Philippines in 1912.,1912,0.375,0.0,227
43,0,oracle_full_attention,0.15,"Cedar Springs is an unincorporated community in west Falls County, Texas, United States, located on Farm-to-market road #2027.","Cedar Springs is located in Lincoln County, south-central Kentucky, and is a tributary to the Dix River. It was a section of Cedar Creek that was impounded to form Cedar Creek Lake in 2002.",0.2898550724637681,0.0,125
43,0,fusionrag_qk,0.15,"Cedar Springs is an unincorporated community in west Falls County, Texas, United States, located on Farm-to-market road #2027.","Cedar Springs is located in west Falls County, Texas, United States. It is an unincorporated community on U.S. Routes 62 and 180, and it is the closest settlement to the headquarters of Guadalupe Mountains National Park.",0.5714285714285714,0.0,125
43,0,draft_selected_set,0.15,"Cedar Springs is an unincorporated community in west Falls County, Texas, United States, located on Farm-to-market road #2027.","Cedar Springs is an unincorporated community in west Falls County, Texas, United States. It is located on Farm-to-market road #27.",0.9230769230769231,0.0,125
43,1,oracle_full_attention,0.15,Bell County shares a border with Falls County.,"Bell County and Knox County share a border with Falls County, Texas.",0.5882352941176471,0.0,148
43,1,fusionrag_qk,0.15,Bell County shares a border with Falls County.,"Bell County and Knox County share a border with Falls County, Texas. This can be inferred from the information that Troy Independent School District serves a small portion of Falls County and extends into Bell County, and that Cedar Springs, an unincorporated community in Falls County, is near the border with Knox County based on",0.16393442622950818,0.0,148
43,1,draft_selected_set,0.15,Bell County shares a border with Falls County.,"Bell County and Knox County share a border with Falls County, Texas.",0.5882352941176471,0.0,148
44,0,oracle_full_attention,0.15,"Bancroft is located in Ontario, Canada.","Bancroft is located in Ontario, Canada. Specifically, it is in the West Kootenay region and is the location of North Hastings High School, which is described as being on the west side of the Fraser River just south of the town of Yale, in British Columbia, Canada. However, Bancro",0.28125,0.0,149
44,0,fusionrag_qk,0.15,"Bancroft is located in Ontario, Canada.","Bancroft is located in the Boundary Country of Ontario, Canada. It is the location of North Hastings High School, which serves students in the northern portion of Hastings County and is part of the Hastings and Prince Edward District School Board.",0.339622641509434,0.0,149
44,0,draft_selected_set,0.15,"Bancroft is located in Ontario, Canada.","Bancroft is located in Ontario, Canada and serves students in the northern portion of Hastings County.",0.6428571428571429,0.0,149
44,1,oracle_full_attention,0.15,"Bancroft, Ontario is located in Hastings County.",Hastings County,0.28571428571428575,0.0,166
44,1,fusionrag_qk,0.15,"Bancroft, Ontario is located in Hastings County.",Hastings County,0.28571428571428575,0.0,166
44,1,draft_selected_set,0.15,"Bancroft, Ontario is located in Hastings County.",Hastings County,0.28571428571428575,0.0,166
44,2,oracle_full_attention,0.15,Renfrew County and Haliburton County border Hastings County in Ontario.,Renfrew County and Haliburton County,0.6956521739130436,0.0,240
44,2,fusionrag_qk,0.15,Renfrew County and Haliburton County border Hastings County in Ontario.,"Renfrew County, Haliburton County",0.6363636363636364,0.0,240
44,2,draft_selected_set,0.15,Renfrew County and Haliburton County border Hastings County in Ontario.,"Renfrew County, Haliburton County",0.6363636363636364,0.0,240
45,0,oracle_full_attention,0.15,"Empress Wang's husband was Yang Pu (Emperor Rui), the final ruler of the Chinese state Wu during the Five Dynasties and Ten Kingdoms period.","Empress Wang's husband is Emperor Ming, specifically Liu Yu, who succeeded as Emperor Houfei. However, based on the provided documents, there is no direct statement about Empress Wang's husband. The closest match is Empress Dowager Wang (苟太后) whose husband is mentioned as Fu Xiong",0.17073170731707316,0.0,230
45,0,fusionrag_qk,0.15,"Empress Wang's husband was Yang Pu (Emperor Rui), the final ruler of the Chinese state Wu during the Five Dynasties and Ten Kingdoms period.",Fu Jiān,0,0.0,230
45,0,draft_selected_set,0.15,"Empress Wang's husband was Yang Pu (Emperor Rui), the final ruler of the Chinese state Wu during the Five Dynasties and Ten Kingdoms period.",Yang Pu,0.07407407407407407,0.0,230
45,1,oracle_full_attention,0.15,"Yang Pu's father was Yang Xingmi, a late-Tang Dynasty warlord and military governor of Huainan Circuit.",Yang Xingmi,0.25,0.0,273
45,1,fusionrag_qk,0.15,"Yang Pu's father was Yang Xingmi, a late-Tang Dynasty warlord and military governor of Huainan Circuit.",Yang Xingmi,0.25,0.0,273
45,1,draft_selected_set,0.15,"Yang Pu's father was Yang Xingmi, a late-Tang Dynasty warlord and military governor of Huainan Circuit.",Yang Xingmi,0.25,0.0,273
46,0,oracle_full_attention,0.15,George VI was the King of the United Kingdom in 1951.,George VI,0.2666666666666667,0.0,228
46,0,fusionrag_qk,0.15,George VI was the King of the United Kingdom in 1951.,George VI,0.2666666666666667,0.0,228
46,0,draft_selected_set,0.15,George VI was the King of the United Kingdom in 1951.,George VI,0.2666666666666667,0.0,228
46,1,oracle_full_attention,0.15,Colin Firth,Colin Firth,1.0,1.0,290
46,1,fusionrag_qk,0.15,Colin Firth,George VI,0,0.0,290
46,1,draft_selected_set,0.15,Colin Firth,Colin Firth,1.0,1.0,290
50,0,oracle_full_attention,0.15,Henry III,"John III, Margrave of Brandenburg-Salzwedel",0.15384615384615385,0.0,250
50,0,fusionrag_qk,0.15,Henry III,John I,0,0.0,250
50,0,draft_selected_set,0.15,Henry III,John's eldest son is Henry III.,0.4444444444444445,0.0,250
50,1,oracle_full_attention,0.15,"John I of Cyprus (John II of Jerusalem) was crowned on May 11, 1284.",1284,0.25,0.0,288
50,1,fusionrag_qk,0.15,"John I of Cyprus (John II of Jerusalem) was crowned on May 11, 1284.",1284,0.25,0.0,288
50,1,draft_selected_set,0.15,"John I of Cyprus (John II of Jerusalem) was crowned on May 11, 1284.",1199,0.08333333333333333,0.0,288
50,2,oracle_full_attention,0.15,"John I of Cyprus (John II of Jerusalem) was crowned on May 11, 1284.",1284,0.25,0.0,288
50,2,fusionrag_qk,0.15,"John I of Cyprus (John II of Jerusalem) was crowned on May 11, 1284.",1284,0.25,0.0,288
50,2,draft_selected_set,0.15,"John I of Cyprus (John II of Jerusalem) was crowned on May 11, 1284.",1199,0.08333333333333333,0.0,288
50,3,oracle_full_attention,0.15,"John I of Cyprus (John II of Jerusalem) was crowned on May 11, 1284.",1284,0.25,0.0,424
50,3,fusionrag_qk,0.15,"John I of Cyprus (John II of Jerusalem) was crowned on May 11, 1284.",1284,0.25,0.0,424
50,3,draft_selected_set,0.15,"John I of Cyprus (John II of Jerusalem) was crowned on May 11, 1284.",1284,0.25,0.0,424
51,0,oracle_full_attention,0.15,Geena Davis played Thelma in Thelma and Louise.,Geena Davis,0.35294117647058826,0.0,160
51,0,fusionrag_qk,0.15,Geena Davis played Thelma in Thelma and Louise.,Geena Davis,0.35294117647058826,0.0,160
51,0,draft_selected_set,0.15,Geena Davis played Thelma in Thelma and Louise.,Geena Davis,0.35294117647058826,0.0,160
51,1,oracle_full_attention,0.15,Geena Davis played the character Dottie Hinson.,Thelma,0,0.0,229
51,1,fusionrag_qk,0.15,Geena Davis played the character Dottie Hinson.,Dottie Hinson,0.5,0.0,229
51,1,draft_selected_set,0.15,Geena Davis played the character Dottie Hinson.,Dottie Hinson,0.5,0.0,229
52,0,oracle_full_attention,0.15,Geena Davis played Thelma in Thelma and Louise.,Geena Davis,0.35294117647058826,0.0,160
52,0,fusionrag_qk,0.15,Geena Davis played Thelma in Thelma and Louise.,Geena Davis,0.35294117647058826,0.0,160
52,0,draft_selected_set,0.15,Geena Davis played Thelma in Thelma and Louise.,Geena Davis,0.35294117647058826,0.0,160
52,1,oracle_full_attention,0.15,Geena Davis played the character Dottie Hinson.,Dottie Hinson,0.5,0.0,200
52,1,fusionrag_qk,0.15,Geena Davis played the character Dottie Hinson.,Dottie,0.19999999999999998,0.0,200
52,1,draft_selected_set,0.15,Geena Davis played the character Dottie Hinson.,Dottie Hinson,0.5,0.0,200
52,2,oracle_full_attention,0.15,"Bill Pullman played Bob, the husband of Dottie Hinson.",Bill Pullman,0.33333333333333337,0.0,259
52,2,fusionrag_qk,0.15,"Bill Pullman played Bob, the husband of Dottie Hinson.",Bill Pullman,0.33333333333333337,0.0,259
52,2,draft_selected_set,0.15,"Bill Pullman played Bob, the husband of Dottie Hinson.",Bill Pullman,0.33333333333333337,0.0,259
53,0,oracle_full_attention,0.15,Chiang Hsiao-wen's father is Chiang Ching-kuo.,Chiang Ching-kuo,0.5555555555555556,0.0,212
53,0,fusionrag_qk,0.15,Chiang Hsiao-wen's father is Chiang Ching-kuo.,Chiang Ching-kuo,0.5555555555555556,0.0,212
53,0,draft_selected_set,0.15,Chiang Hsiao-wen's father is Chiang Ching-kuo.,Chiang Ching-kuo,0.5555555555555556,0.0,212
54,0,oracle_full_attention,0.15,Geena Davis played Thelma in the movie 'Thelma & Louise'.,Susan Sarandon,0,0.0,146
54,0,fusionrag_qk,0.15,Geena Davis played Thelma in the movie 'Thelma & Louise'.,Geena Davis,0.35294117647058826,0.0,146
54,0,draft_selected_set,0.15,Geena Davis played Thelma in the movie 'Thelma & Louise'.,Geena Davis,0.35294117647058826,0.0,146
54,1,oracle_full_attention,0.15,Geena Davis played the character Dottie Hinson.,Thelma,0,0.0,269
54,1,fusionrag_qk,0.15,Geena Davis played the character Dottie Hinson.,Dottie Hinson,0.5,0.0,269
54,1,draft_selected_set,0.15,Geena Davis played the character Dottie Hinson.,Dottie Hinson,0.5,0.0,269
55,0,oracle_full_attention,0.15,"The movie 'Yeh Raaste Hain Pyaar Ke' (2001) stars Preity Zinta, Madhuri Dixit, and Ajay Devgn.","Yeh Raaste Hain Pyaar Ke, Dil Kya Kare, Love Kiya Aur Lag Gayi",0.32,0.0,224
55,0,fusionrag_qk,0.15,"The movie 'Yeh Raaste Hain Pyaar Ke' (2001) stars Preity Zinta, Madhuri Dixit, and Ajay Devgn.","Yeh Raaste Hain Pyaar Ke, Love Kiya Aur Lag Gayi",0.3555555555555555,0.0,224
55,0,draft_selected_set,0.15,"The movie 'Yeh Raaste Hain Pyaar Ke' (2001) stars Preity Zinta, Madhuri Dixit, and Ajay Devgn.","Yeh Raaste Hain Pyaar Ke, Love Kiya Aur Lag Gayi",0.3555555555555555,0.0,224
56,0,oracle_full_attention,0.15,"Bansaan Island is a boomerang-shaped island located off the mid-northern coast of Bohol Island, Philippines, and is part of the municipality of Talibon.","Bansaan is a boomerang-shaped island located in the off the mid-northern coast of Bohol Island, Philippines.",0.7843137254901961,0.0,193
56,0,fusionrag_qk,0.15,"Bansaan Island is a boomerang-shaped island located off the mid-northern coast of Bohol Island, Philippines, and is part of the municipality of Talibon.",Bansaan is a boomerang-shaped island located off the mid-northern coast of Bohol Island.,0.7755102040816326,0.0,193
56,0,draft_selected_set,0.15,"Bansaan Island is a boomerang-shaped island located off the mid-northern coast of Bohol Island, Philippines, and is part of the municipality of Talibon.","Bansaan is a boomerang-shaped island located off the mid-northern coast of Bohol Island, part of the municipality of Talibon, province.",0.912280701754386,0.0,193
57,0,oracle_full_attention,0.15,Woolhampton in Berkshire,Berkshire,0.25,0.0,175
57,0,fusionrag_qk,0.15,Woolhampton in Berkshire,Woolhampton in Berkshire,1.0,1.0,175
57,0,draft_selected_set,0.15,Woolhampton in Berkshire,Woolhampton in Berkshire,1.0,1.0,175
58,0,oracle_full_attention,0.15,"Lynn Haven, Florida",1620,0,0.0,171
58,0,fusionrag_qk,0.15,"Lynn Haven, Florida","1950, Lynn Haven, Florida",0.4,0.0,171
58,0,draft_selected_set,0.15,"Lynn Haven, Florida","1950, Lynn Haven, Florida",0.4,0.0,171
58,1,oracle_full_attention,0.15,Bay County,Bay County,1.0,1.0,177
58,1,fusionrag_qk,0.15,Bay County,Bay County,1.0,1.0,177
58,1,draft_selected_set,0.15,Bay County,"Lynn Haven, Florida is located in Bay County.",0.2222222222222222,0.0,177
59,0,oracle_full_attention,0.15,"Valerie Hobson, Leslie Perrins, and Robert Cochran starred in the movie No Escape.",Hrithik Roshan and Katrina Kaif,0.07407407407407407,0.0,192
59,0,fusionrag_qk,0.15,"Valerie Hobson, Leslie Perrins, and Robert Cochran starred in the movie No Escape.","Valerie Hobson, Leslie Perrins and Robert Cochran",0.8387096774193548,0.0,192
59,0,draft_selected_set,0.15,"Valerie Hobson, Leslie Perrins, and Robert Cochran starred in the movie No Escape.","Valerie Hobson, Leslie Perrins and Robert Cochran",0.8387096774193548,0.0,192
59,1,oracle_full_attention,0.15,Valerie Hobson was married to John Profumo.,"user
Answer: There is no information provided about any marriages among Valerie Hobson, Leslie Perrins, or Robert Cochran in the given documents.",0,0.0,158
59,1,fusionrag_qk,0.15,Valerie Hobson was married to John Profumo.,"user
Answer: Valerie Hobson was married to John Profumo.",0,0.0,158
59,1,draft_selected_set,0.15,Valerie Hobson was married to John Profumo.,Valerie Hobson was married to former British government minister John Profumo.,0.8181818181818181,0.0,158
60,0,oracle_full_attention,0.15,Chiang Ching-kuo,Chiang Ching-kuo,1.0,1.0,184
60,0,fusionrag_qk,0.15,Chiang Ching-kuo,Chiang Ching-kuo,1.0,1.0,184
60,0,draft_selected_set,0.15,Chiang Ching-kuo,Chiang Ching-kuo,1.0,1.0,184
60,1,oracle_full_attention,0.15,"Chiang Ching-kuo had four legitimate children with his wife Faina Ipatyevna Vakhreva (Chiang Fang-liang): Chiang Hsiao-wen (eldest son), Chiang Hsiao-chang (daughter), Chiang Hsiao-wu (second son), and Chiang Hsiao-yung (youngest son). He also had two half-brothers with other mothers: Winston Chang and John Chiang.","Chiang Hsiao-wen, Chiang Hsiao-chang, Chiang Hsiao-wen, Chiang Hsiao-wen, Chiang Hsiao-wen, Chiang Hsiao-wen, Chiang Hsiao-wen, Chiang Hsiao-wen",0.435483870967742,0.0,294
60,1,fusionrag_qk,0.15,"Chiang Ching-kuo had four legitimate children with his wife Faina Ipatyevna Vakhreva (Chiang Fang-liang): Chiang Hsiao-wen (eldest son), Chiang Hsiao-chang (daughter), Chiang Hsiao-wu (second son), and Chiang Hsiao-yung (youngest son). He also had two half-brothers with other mothers: Winston Chang and John Chiang.","Chiang Hsiao-wen, Chiang Hsiao-wen's younger brother Chiang Hsiao-wu, Chiang Hsiao-wen's younger sister Chiang Hsiao-chang, Chiang Hsiao-wen's younger brothers Chiang Hsiao-yung, Ch",0.48000000000000004,0.0,294
60,1,draft_selected_set,0.15,"Chiang Ching-kuo had four legitimate children with his wife Faina Ipatyevna Vakhreva (Chiang Fang-liang): Chiang Hsiao-wen (eldest son), Chiang Hsiao-chang (daughter), Chiang Hsiao-wu (second son), and Chiang Hsiao-yung (youngest son). He also had two half-brothers with other mothers: Winston Chang and John Chiang.","Chiang Hsiao-wen, Chiang Hsiao-wen's younger sister Hsiao-chang, Chiang Hsiao-wen's two younger brothers Hsiao-wu and Hsiao-yung, Chiang Hsiao-wen's half-brothers Winston Chang and John",0.5238095238095238,0.0,294
63,0,oracle_full_attention,0.15,"Fort Mitchell, Kentucky","Fort Mitchell, Kentucky",1.0,1.0,220
63,0,fusionrag_qk,0.15,"Fort Mitchell, Kentucky","Fort Mitchell, Kentucky",1.0,1.0,220
63,0,draft_selected_set,0.15,"Fort Mitchell, Kentucky","Fort Mitchell, Kentucky",1.0,1.0,220
63,1,oracle_full_attention,0.15,Kenton County,Kenton County,1.0,1.0,125
63,1,fusionrag_qk,0.15,Kenton County,Kenton County,1.0,1.0,125
63,1,draft_selected_set,0.15,Kenton County,Kenton County,1.0,1.0,125
64,0,oracle_full_attention,0.15,The United States Naval Institute,United States Naval Institute,1.0,1.0,136
64,0,fusionrag_qk,0.15,The United States Naval Institute,United States Naval Institute,1.0,1.0,136
64,0,draft_selected_set,0.15,The United States Naval Institute,United States Naval Institute,1.0,1.0,136
64,1,oracle_full_attention,0.15,"Annapolis, Maryland","Annapolis, Maryland",1.0,1.0,164
64,1,fusionrag_qk,0.15,"Annapolis, Maryland","Annapolis, Maryland",1.0,1.0,164
64,1,draft_selected_set,0.15,"Annapolis, Maryland","Annapolis, Maryland",1.0,1.0,164
66,0,oracle_full_attention,0.15,Eugene V. Debs was the Socialist Party candidate in the 1912 US presidential election.,Eugene V. Debs,0.4347826086956522,0.0,234
66,0,fusionrag_qk,0.15,Eugene V. Debs was the Socialist Party candidate in the 1912 US presidential election.,Eugene V. Debs,0.4347826086956522,0.0,234
66,0,draft_selected_set,0.15,Eugene V. Debs was the Socialist Party candidate in the 1912 US presidential election.,Eugene V. Debs,0.4347826086956522,0.0,234
68,0,oracle_full_attention,0.15,"Lloyd Dane was born in Eldon, Missouri.","Eldon, Missouri",0.3636363636363636,0.0,153
68,0,fusionrag_qk,0.15,"Lloyd Dane was born in Eldon, Missouri.","Eldon, Missouri",0.3636363636363636,0.0,153
68,0,draft_selected_set,0.15,"Lloyd Dane was born in Eldon, Missouri.","Eldon, Missouri",0.3636363636363636,0.0,153
68,1,oracle_full_attention,0.15,Miller County,Miller County,1.0,1.0,157
68,1,fusionrag_qk,0.15,Miller County,Miller County,1.0,1.0,157
68,1,draft_selected_set,0.15,Miller County,Miller County,1.0,1.0,157
71,0,oracle_full_attention,0.15,Annelid larvae live like plankton.,elateriform,0,0.0,243
71,0,fusionrag_qk,0.15,Annelid larvae live like plankton.,elateriform,0,0.0,243
71,0,draft_selected_set,0.15,Annelid larvae live like plankton.,elateriform,0,0.0,243
71,1,oracle_full_attention,0.15,Plankton,Mr. Krabs,0,0.0,333
71,1,fusionrag_qk,0.15,Plankton,Plankton,1.0,1.0,333
71,1,draft_selected_set,0.15,Plankton,Patrick Star,0,0.0,333
72,0,oracle_full_attention,0.15,The song 'Full Cooperation' was performed by the American hip hop group Def Squad.,Def Squad,0.16666666666666669,0.0,239
72,0,fusionrag_qk,0.15,The song 'Full Cooperation' was performed by the American hip hop group Def Squad.,Def Squad,0.16666666666666669,0.0,239
72,0,draft_selected_set,0.15,The song 'Full Cooperation' was performed by the American hip hop group Def Squad.,Def Squad,0.16666666666666669,0.0,239
72,1,oracle_full_attention,0.15,"The American hip hop group Def Squad consists of Erick Sermon, Redman, and Keith Murray. Jamal is considered an honorary member.","Erick Sermon, Redman and Keith Murray. Jamal is considered an honorary member.",0.7894736842105263,0.0,176
72,1,fusionrag_qk,0.15,"The American hip hop group Def Squad consists of Erick Sermon, Redman, and Keith Murray. Jamal is considered an honorary member.","Erick Sermon, Redman and Keith Murray",0.5625,0.0,176
72,1,draft_selected_set,0.15,"The American hip hop group Def Squad consists of Erick Sermon, Redman, and Keith Murray. Jamal is considered an honorary member.","Erick Sermon, Redman and Keith Murray",0.5625,0.0,176
74,0,oracle_full_attention,0.15,Anil Devgan's sibling is Ajay Devgan.,Ajay Devgan,0.4615384615384615,0.0,187
74,0,fusionrag_qk,0.15,Anil Devgan's sibling is Ajay Devgan.,Ajay Devgan,0.4615384615384615,0.0,187
74,0,draft_selected_set,0.15,Anil Devgan's sibling is Ajay Devgan.,Ajay Devgan,0.4615384615384615,0.0,187
74,1,oracle_full_attention,0.15,"The films featuring Ajay Devgan are: U Me Aur Hum, Yeh Raaste Hain Pyaar Ke, and Dil Kya Kare.","U Me Aur Hum, Dil Kya Kare",0.48484848484848486,0.0,233
74,1,fusionrag_qk,0.15,"The films featuring Ajay Devgan are: U Me Aur Hum, Yeh Raaste Hain Pyaar Ke, and Dil Kya Kare.","U Me Aur Hum, Dil Kya Kare, Pyar Ka Devta, Miss Lovely",0.5,0.0,233
74,1,draft_selected_set,0.15,"The films featuring Ajay Devgan are: U Me Aur Hum, Yeh Raaste Hain Pyaar Ke, and Dil Kya Kare.","U Me Aur Hum, Dil Kya Kare",0.48484848484848486,0.0,233
75,0,oracle_full_attention,0.15,"Eugene V. Debs was the Socialist Party candidate who received 913,664 votes in the 1920 election while in prison.",Eugene V. Debs,0.29411764705882354,0.0,236
75,0,fusionrag_qk,0.15,"Eugene V. Debs was the Socialist Party candidate who received 913,664 votes in the 1920 election while in prison.",Eugene V. Debs,0.29411764705882354,0.0,236
75,0,draft_selected_set,0.15,"Eugene V. Debs was the Socialist Party candidate who received 913,664 votes in the 1920 election while in prison.",Eugene V. Debs,0.29411764705882354,0.0,236
77,0,oracle_full_attention,0.15,Richard Feynman worked on the Water Boiler reactor at Los Alamos.,Los Alamos,0.2666666666666667,0.0,279
77,0,fusionrag_qk,0.15,Richard Feynman worked on the Water Boiler reactor at Los Alamos.,Los Alamos,0.2666666666666667,0.0,279
77,0,draft_selected_set,0.15,Richard Feynman worked on the Water Boiler reactor at Los Alamos.,Los Alamos,0.2666666666666667,0.0,279
77,1,oracle_full_attention,0.15,"The Manhattan Project took place at Los Alamos, and its director was Robert Oppenheimer.","The Manhattan Project, directed by Robert Oppenheimer.",0.5,0.0,331
77,1,fusionrag_qk,0.15,"The Manhattan Project took place at Los Alamos, and its director was Robert Oppenheimer.","The Manhattan Project was the atomic bomb development project that took place at Los Alamos, and its director was Robert Oppenheimer.",0.8421052631578948,0.0,331
77,1,draft_selected_set,0.15,"The Manhattan Project took place at Los Alamos, and its director was Robert Oppenheimer.","The Manhattan Project, directed by Robert Oppenheimer, took place at Los Alamos.",0.7999999999999999,0.0,331
78,0,oracle_full_attention,0.15,Patrick Modiano,Patrick Modiano,1.0,1.0,132
78,0,fusionrag_qk,0.15,Patrick Modiano,Patrick Modiano,1.0,1.0,132
78,0,draft_selected_set,0.15,Patrick Modiano,Patrick Modiano,1.0,1.0,132
78,1,oracle_full_attention,0.15,"Patrick Modiano received the 2014 Nobel Prize in Literature, the 2012 Austrian State Prize for European Literature, the 2010 Prix mondial Cino Del Duca, the 1978 Prix Goncourt, and the 1972 Grand Prix du roman de l'Académie française.",2014 Nobel Prize in Literature,0.2285714285714286,0.0,268
78,1,fusionrag_qk,0.15,"Patrick Modiano received the 2014 Nobel Prize in Literature, the 2012 Austrian State Prize for European Literature, the 2010 Prix mondial Cino Del Duca, the 1978 Prix Goncourt, and the 1972 Grand Prix du roman de l'Académie française.",2014 Nobel Prize in Literature,0.2285714285714286,0.0,268
78,1,draft_selected_set,0.15,"Patrick Modiano received the 2014 Nobel Prize in Literature, the 2012 Austrian State Prize for European Literature, the 2010 Prix mondial Cino Del Duca, the 1978 Prix Goncourt, and the 1972 Grand Prix du roman de l'Académie française.",2014 Nobel Prize in Literature,0.2285714285714286,0.0,268
79,0,oracle_full_attention,0.15,"The cast includes Ajay Devgan, Kajol, Karan Khanna, Isha Sharvani, Sumeet Raghavan, and Divya Dutta.","Ajay Devgn, Mahima Chaudhry, Kajol, and Chandan Singh DocumentDocument: U Me Aur Hum (""You, Me and Us"") is a 1998 Indian romantic drama film, directed by Agathiyan and produced by Harish Shankar. The film stars Aj",0.225,0.0,189
79,0,fusionrag_qk,0.15,"The cast includes Ajay Devgan, Kajol, Karan Khanna, Isha Sharvani, Sumeet Raghavan, and Divya Dutta.","Ajay Devgn, Mahima Chaudhry, Kajol, and Chandan Singh Kundu",0.3404255319148936,0.0,189
79,0,draft_selected_set,0.15,"The cast includes Ajay Devgan, Kajol, Karan Khanna, Isha Sharvani, Sumeet Raghavan, and Divya Dutta.",Ajay Devgan and Kajol,0.4,0.0,189
79,1,oracle_full_attention,0.15,The only Bollywood movie featuring both Preity Zinta and Madhuri Dixit is 'Yeh Raaste Hain Pyaar Ke'.,"Document: Dil Kya Kare (English: ""What Should The Heart Do?"") is a 1999 Indian drama film directed by Prakash Jha and produced by Veeru Devgan and Veena Devgan. The film stars Ajay Devgn, Mahima Chaudhry, K",0.07894736842105263,0.0,235
79,1,fusionrag_qk,0.15,The only Bollywood movie featuring both Preity Zinta and Madhuri Dixit is 'Yeh Raaste Hain Pyaar Ke'.,Diya Aur Toofan (1995 film),0,0.0,235
79,1,draft_selected_set,0.15,The only Bollywood movie featuring both Preity Zinta and Madhuri Dixit is 'Yeh Raaste Hain Pyaar Ke'.,"Mrityudand, Pyar Ka Devta",0.11764705882352941,0.0,235
79,2,oracle_full_attention,0.15,"The cast includes Madhuri Dixit, Ajay Devgn, and Preity Zinta.","Madhuri Dixit, Ajay Devgn, Preity Zinta, Saurabh Shukla, Mukesh Tiwari, Dev Singh, Gagandeep Singh",0.5306122448979591,0.0,206
79,2,fusionrag_qk,0.15,"The cast includes Madhuri Dixit, Ajay Devgn, and Preity Zinta.","Madhuri Dixit, Ajay Devgn, Preity Zinta",0.896551724137931,0.0,206
79,2,draft_selected_set,0.15,"The cast includes Madhuri Dixit, Ajay Devgn, and Preity Zinta.","Madhuri Dixit, Ajay Devgn, Preity Zinta",0.896551724137931,0.0,206
