example_id,query_idx,label,query,smart_selected_count
0,0,control_other_example_1,Where is the headquarters of Julia's House located?,175
0,1,control_other_example_2,Where is Coffee Swamp located?,175
0,2,control_other_example_3,Who is the child of Peter Andreas Heiberg?,175
0,3,control_other_example_3,Who is the spouse of Johan Ludvig Heiberg?,175
0,4,control_other_example_4,"Who were the siblings of Alice de Lusignan, Countess of Surrey?",175
0,5,control_other_example_4,When was King Henry III of England crowned?,175
0,6,control_other_example_6,Which university employed Ernst Mach?,175
0,7,control_other_example_7,Who is the physicist that the Mach number is named after?,175
1,0,control_other_example_2,Where is Coffee Swamp located?,180
1,1,control_other_example_3,Who is the child of Peter Andreas Heiberg?,180
1,2,control_other_example_3,Who is the spouse of Johan Ludvig Heiberg?,180
1,3,control_other_example_4,"Who were the siblings of Alice de Lusignan, Countess of Surrey?",180
1,4,control_other_example_4,When was King Henry III of England crowned?,180
1,5,control_other_example_6,Which university employed Ernst Mach?,180
1,6,control_other_example_7,Who is the physicist that the Mach number is named after?,180
1,7,control_other_example_7,Who was Ernst Mach's employer or academic institution during his career?,180
2,0,control_other_example_3,Who is the child of Peter Andreas Heiberg?,206
2,1,control_other_example_3,Who is the spouse of Johan Ludvig Heiberg?,206
2,2,control_other_example_4,"Who were the siblings of Alice de Lusignan, Countess of Surrey?",206
2,3,control_other_example_4,When was King Henry III of England crowned?,206
2,4,control_other_example_6,Which university employed Ernst Mach?,206
2,5,control_other_example_7,Who is the physicist that the Mach number is named after?,206
2,6,control_other_example_7,Who was Ernst Mach's employer or academic institution during his career?,206
2,7,control_other_example_9,Which English king trusted William de Longchamp?,206
3,0,control_other_example_4,"Who were the siblings of Alice de Lusignan, Countess of Surrey?",186
3,1,control_other_example_4,When was King Henry III of England crowned?,186
3,2,control_other_example_6,Which university employed Ernst Mach?,186
3,3,control_other_example_7,Who is the physicist that the Mach number is named after?,186
3,4,control_other_example_7,Who was Ernst Mach's employer or academic institution during his career?,186
3,5,control_other_example_9,Which English king trusted William de Longchamp?,186
3,6,control_other_example_9,What specific naval expedition or fleet did King Richard I lead that was dispersed by a storm?,186
3,7,control_other_example_10,Who is the author of The Unwinding?,186
4,0,control_other_example_6,Which university employed Ernst Mach?,390
4,1,control_other_example_7,Who is the physicist that the Mach number is named after?,390
4,2,control_other_example_7,Who was Ernst Mach's employer or academic institution during his career?,390
4,3,control_other_example_9,Which English king trusted William de Longchamp?,390
4,4,control_other_example_9,What specific naval expedition or fleet did King Richard I lead that was dispersed by a storm?,390
4,5,control_other_example_10,Who is the author of The Unwinding?,390
4,6,control_other_example_10,Which organization did George Packer volunteer for?,390
4,7,control_other_example_11,Which band performed the song 'Bang Bang Rock & Roll'?,390
6,0,control_other_example_7,Who is the physicist that the Mach number is named after?,210
6,1,control_other_example_7,Who was Ernst Mach's employer or academic institution during his career?,210
6,2,control_other_example_9,Which English king trusted William de Longchamp?,210
6,3,control_other_example_9,What specific naval expedition or fleet did King Richard I lead that was dispersed by a storm?,210
6,4,control_other_example_10,Who is the author of The Unwinding?,210
6,5,control_other_example_10,Which organization did George Packer volunteer for?,210
6,6,control_other_example_11,Which band performed the song 'Bang Bang Rock & Roll'?,210
6,7,control_other_example_11,Who is the lead singer of the band Art Brut?,210
7,0,control_other_example_9,Which English king trusted William de Longchamp?,321
7,1,control_other_example_9,What specific naval expedition or fleet did King Richard I lead that was dispersed by a storm?,321
7,2,control_other_example_10,Who is the author of The Unwinding?,321
7,3,control_other_example_10,Which organization did George Packer volunteer for?,321
7,4,control_other_example_11,Which band performed the song 'Bang Bang Rock & Roll'?,321
7,5,control_other_example_11,Who is the lead singer of the band Art Brut?,321
7,6,control_other_example_12,Which company initiated a successful price war among PC manufacturers in 1994?,321
7,7,control_other_example_12,Which company did Compaq merge with in 2002?,321
9,0,control_other_example_10,Who is the author of The Unwinding?,466
9,1,control_other_example_10,Which organization did George Packer volunteer for?,466
9,2,control_other_example_11,Which band performed the song 'Bang Bang Rock & Roll'?,466
9,3,control_other_example_11,Who is the lead singer of the band Art Brut?,466
9,4,control_other_example_12,Which company initiated a successful price war among PC manufacturers in 1994?,466
9,5,control_other_example_12,Which company did Compaq merge with in 2002?,466
9,6,control_other_example_13,Who is Katherine of England?,466
9,7,control_other_example_13,What year was King Henry III of England crowned?,466
10,0,control_other_example_11,Which band performed the song 'Bang Bang Rock & Roll'?,352
10,1,control_other_example_11,Who is the lead singer of the band Art Brut?,352
10,2,control_other_example_12,Which company initiated a successful price war among PC manufacturers in 1994?,352
10,3,control_other_example_12,Which company did Compaq merge with in 2002?,352
10,4,control_other_example_13,Who is Katherine of England?,352
10,5,control_other_example_13,What year was King Henry III of England crowned?,352
10,6,control_other_example_14,Who played the little girl in the 1947 film Miracle on 34th Street?,352
10,7,control_other_example_14,Who is the sibling of actress Natalie Wood?,352
11,0,control_other_example_12,Which company initiated a successful price war among PC manufacturers in 1994?,349
11,1,control_other_example_12,Which company did Compaq merge with in 2002?,349
11,2,control_other_example_13,Who is Katherine of England?,349
11,3,control_other_example_13,What year was King Henry III of England crowned?,349
11,4,control_other_example_14,Who played the little girl in the 1947 film Miracle on 34th Street?,349
11,5,control_other_example_14,Who is the sibling of actress Natalie Wood?,349
11,6,control_other_example_15,In which county is Pine Springs located?,349
11,7,control_other_example_15,"What is the county seat of Culberson County, Texas?",349
12,0,control_other_example_13,Who is Katherine of England?,369
12,1,control_other_example_13,What year was King Henry III of England crowned?,369
12,2,control_other_example_14,Who played the little girl in the 1947 film Miracle on 34th Street?,369
12,3,control_other_example_14,Who is the sibling of actress Natalie Wood?,369
12,4,control_other_example_15,In which county is Pine Springs located?,369
12,5,control_other_example_15,"What is the county seat of Culberson County, Texas?",369
12,6,control_other_example_16,Who was the top PC manufacturer in 1994?,369
12,7,control_other_example_16,What company did Compaq merge with in 2002?,369
13,0,control_other_example_14,Who played the little girl in the 1947 film Miracle on 34th Street?,365
13,1,control_other_example_14,Who is the sibling of actress Natalie Wood?,365
13,2,control_other_example_15,In which county is Pine Springs located?,365
13,3,control_other_example_15,"What is the county seat of Culberson County, Texas?",365
13,4,control_other_example_16,Who was the top PC manufacturer in 1994?,365
13,5,control_other_example_16,What company did Compaq merge with in 2002?,365
13,6,control_other_example_17,Who was the King of England in 1950?,365
13,7,control_other_example_17,Which actor played King George VI in the film 'The King's Speech'?,365
14,0,control_other_example_15,In which county is Pine Springs located?,318
14,1,control_other_example_15,"What is the county seat of Culberson County, Texas?",318
14,2,control_other_example_16,Who was the top PC manufacturer in 1994?,318
14,3,control_other_example_16,What company did Compaq merge with in 2002?,318
14,4,control_other_example_17,Who was the King of England in 1950?,318
14,5,control_other_example_17,Which actor played King George VI in the film 'The King's Speech'?,318
14,6,control_other_example_18,Who played Susie in Miracle on 34th Street?,318
14,7,control_other_example_18,Who is Natalie Wood's brother?,318
15,0,control_other_example_16,Who was the top PC manufacturer in 1994?,232
15,1,control_other_example_16,What company did Compaq merge with in 2002?,232
15,2,control_other_example_17,Who was the King of England in 1950?,232
15,3,control_other_example_17,Which actor played King George VI in the film 'The King's Speech'?,232
15,4,control_other_example_18,Who played Susie in Miracle on 34th Street?,232
15,5,control_other_example_18,Who is Natalie Wood's brother?,232
15,6,control_other_example_19,Who is Anna Benson's husband?,232
15,7,control_other_example_19,What team did Kris Benson play for in Major League Baseball?,232
16,0,control_other_example_17,Who was the King of England in 1950?,324
16,1,control_other_example_17,Which actor played King George VI in the film 'The King's Speech'?,324
16,2,control_other_example_18,Who played Susie in Miracle on 34th Street?,324
16,3,control_other_example_18,Who is Natalie Wood's brother?,324
16,4,control_other_example_19,Who is Anna Benson's husband?,324
16,5,control_other_example_19,What team did Kris Benson play for in Major League Baseball?,324
16,6,control_other_example_20,Who originally sang the song You Belong To Me?,324
16,7,control_other_example_20,What record label was Joni James signed to when she released 'You Belong To Me' in 1952?,324
17,0,control_other_example_18,Who played Susie in Miracle on 34th Street?,314
17,1,control_other_example_18,Who is Natalie Wood's brother?,314
17,2,control_other_example_19,Who is Anna Benson's husband?,314
17,3,control_other_example_19,What team did Kris Benson play for in Major League Baseball?,314
17,4,control_other_example_20,Who originally sang the song You Belong To Me?,314
17,5,control_other_example_20,What record label was Joni James signed to when she released 'You Belong To Me' in 1952?,314
17,6,control_other_example_21,Who was the person under whom the Chapter House was built?,314
17,7,control_other_example_21,When was Henry III crowned?,314
18,0,control_other_example_19,Who is Anna Benson's husband?,231
18,1,control_other_example_19,What team did Kris Benson play for in Major League Baseball?,231
18,2,control_other_example_20,Who originally sang the song You Belong To Me?,231
18,3,control_other_example_20,What record label was Joni James signed to when she released 'You Belong To Me' in 1952?,231
18,4,control_other_example_21,Who was the person under whom the Chapter House was built?,231
18,5,control_other_example_21,When was Henry III crowned?,231
18,6,control_other_example_24,Who sang the song 'You Belong to Me'?,231
18,7,control_other_example_24,What record label is Joni James signed to?,231
19,0,control_other_example_20,Who originally sang the song You Belong To Me?,322
19,1,control_other_example_20,What record label was Joni James signed to when she released 'You Belong To Me' in 1952?,322
19,2,control_other_example_21,Who was the person under whom the Chapter House was built?,322
19,3,control_other_example_21,When was Henry III crowned?,322
19,4,control_other_example_24,Who sang the song 'You Belong to Me'?,322
19,5,control_other_example_24,What record label is Joni James signed to?,322
19,6,control_other_example_25,What is the administrative territorial entity that contains Juba?,322
19,7,control_other_example_25,What places share a border with Central Equatoria?,322
20,0,control_other_example_21,Who was the person under whom the Chapter House was built?,399
20,1,control_other_example_21,When was Henry III crowned?,399
20,2,control_other_example_24,Who sang the song 'You Belong to Me'?,399
20,3,control_other_example_24,What record label is Joni James signed to?,399
20,4,control_other_example_25,What is the administrative territorial entity that contains Juba?,399
20,5,control_other_example_25,What places share a border with Central Equatoria?,399
20,6,control_other_example_26,Who played King George VI in The King's Speech?,399
20,7,control_other_example_27,Who are the cast members of King of the Mountain?,399
21,0,control_other_example_24,Who sang the song 'You Belong to Me'?,369
21,1,control_other_example_24,What record label is Joni James signed to?,369
21,2,control_other_example_25,What is the administrative territorial entity that contains Juba?,369
21,3,control_other_example_25,What places share a border with Central Equatoria?,369
21,4,control_other_example_26,Who played King George VI in The King's Speech?,369
21,5,control_other_example_27,Who are the cast members of King of the Mountain?,369
21,6,control_other_example_27,Who is Harry Hamlin's spouse?,369
21,7,control_other_example_32,What was the regnal name adopted by King George VI?,369
24,0,control_other_example_25,What is the administrative territorial entity that contains Juba?,383
24,1,control_other_example_25,What places share a border with Central Equatoria?,383
24,2,control_other_example_26,Who played King George VI in The King's Speech?,383
24,3,control_other_example_27,Who are the cast members of King of the Mountain?,383
24,4,control_other_example_27,Who is Harry Hamlin's spouse?,383
24,5,control_other_example_32,What was the regnal name adopted by King George VI?,383
24,6,control_other_example_32,Who played King George VI in the film 'The King's Speech'?,383
24,7,control_other_example_33,Where is KPRM licensed to broadcast?,383
25,0,control_other_example_26,Who played King George VI in The King's Speech?,246
25,1,control_other_example_27,Who are the cast members of King of the Mountain?,246
25,2,control_other_example_27,Who is Harry Hamlin's spouse?,246
25,3,control_other_example_32,What was the regnal name adopted by King George VI?,246
25,4,control_other_example_32,Who played King George VI in the film 'The King's Speech'?,246
25,5,control_other_example_33,Where is KPRM licensed to broadcast?,246
25,6,control_other_example_35,Who is the author of Prince Prigio?,246
25,7,control_other_example_35,What year did Andrew Lang die?,246
26,0,control_other_example_27,Who are the cast members of King of the Mountain?,213
26,1,control_other_example_27,Who is Harry Hamlin's spouse?,213
26,2,control_other_example_32,What was the regnal name adopted by King George VI?,213
26,3,control_other_example_32,Who played King George VI in the film 'The King's Speech'?,213
26,4,control_other_example_33,Where is KPRM licensed to broadcast?,213
26,5,control_other_example_35,Who is the author of Prince Prigio?,213
26,6,control_other_example_35,What year did Andrew Lang die?,213
26,7,control_other_example_36,Where was Mark Dismore born?,213
27,0,control_other_example_32,What was the regnal name adopted by King George VI?,376
27,1,control_other_example_32,Who played King George VI in the film 'The King's Speech'?,376
27,2,control_other_example_33,Where is KPRM licensed to broadcast?,376
27,3,control_other_example_35,Who is the author of Prince Prigio?,376
27,4,control_other_example_35,What year did Andrew Lang die?,376
27,5,control_other_example_36,Where was Mark Dismore born?,376
27,6,control_other_example_36,"Which county is Greenfield, Indiana located in?",376
27,7,control_other_example_37,Who were the parents of Nannina de' Medici?,376
32,0,control_other_example_33,Where is KPRM licensed to broadcast?,318
32,1,control_other_example_35,Who is the author of Prince Prigio?,318
32,2,control_other_example_35,What year did Andrew Lang die?,318
32,3,control_other_example_36,Where was Mark Dismore born?,318
32,4,control_other_example_36,"Which county is Greenfield, Indiana located in?",318
32,5,control_other_example_37,Who were the parents of Nannina de' Medici?,318
32,6,control_other_example_37,"Based on Nannina de' Medici's parents Piero di Cosimo de' Medici and Lucrezia Tornabuoni, who were her siblings?",318
32,7,control_other_example_38,Where is NRHEG High School located?,318
33,0,control_other_example_35,Who is the author of Prince Prigio?,106
33,1,control_other_example_35,What year did Andrew Lang die?,106
33,2,control_other_example_36,Where was Mark Dismore born?,106
33,3,control_other_example_36,"Which county is Greenfield, Indiana located in?",106
33,4,control_other_example_37,Who were the parents of Nannina de' Medici?,106
33,5,control_other_example_37,"Based on Nannina de' Medici's parents Piero di Cosimo de' Medici and Lucrezia Tornabuoni, who were her siblings?",106
33,6,control_other_example_38,Where is NRHEG High School located?,106
33,7,control_other_example_38,"Which county is New Richland, Minnesota located in?",106
35,0,control_other_example_36,Where was Mark Dismore born?,305
35,1,control_other_example_36,"Which county is Greenfield, Indiana located in?",305
35,2,control_other_example_37,Who were the parents of Nannina de' Medici?,305
35,3,control_other_example_37,"Based on Nannina de' Medici's parents Piero di Cosimo de' Medici and Lucrezia Tornabuoni, who were her siblings?",305
35,4,control_other_example_38,Where is NRHEG High School located?,305
35,5,control_other_example_38,"Which county is New Richland, Minnesota located in?",305
35,6,control_other_example_39,What is the name of the political party of Dimuthu Bandara Abayakoon?,305
35,7,control_other_example_39,Who founded the Janatha Vimukthi Peramuna political party?,305
36,0,control_other_example_37,Who were the parents of Nannina de' Medici?,366
36,1,control_other_example_37,"Based on Nannina de' Medici's parents Piero di Cosimo de' Medici and Lucrezia Tornabuoni, who were her siblings?",366
36,2,control_other_example_38,Where is NRHEG High School located?,366
36,3,control_other_example_38,"Which county is New Richland, Minnesota located in?",366
36,4,control_other_example_39,What is the name of the political party of Dimuthu Bandara Abayakoon?,366
36,5,control_other_example_39,Who founded the Janatha Vimukthi Peramuna political party?,366
36,6,control_other_example_40,Where did Larry Alcala study?,366
36,7,control_other_example_40,When did military instruction begin at the University of the Philippines?,366
37,0,control_other_example_38,Where is NRHEG High School located?,194
37,1,control_other_example_38,"Which county is New Richland, Minnesota located in?",194
37,2,control_other_example_39,What is the name of the political party of Dimuthu Bandara Abayakoon?,194
37,3,control_other_example_39,Who founded the Janatha Vimukthi Peramuna political party?,194
37,4,control_other_example_40,Where did Larry Alcala study?,194
37,5,control_other_example_40,When did military instruction begin at the University of the Philippines?,194
37,6,control_other_example_43,Where is Cedar Springs located?,194
37,7,control_other_example_43,"Which counties share a border with Falls County, Texas?",194
38,0,control_other_example_39,What is the name of the political party of Dimuthu Bandara Abayakoon?,228
38,1,control_other_example_39,Who founded the Janatha Vimukthi Peramuna political party?,228
38,2,control_other_example_40,Where did Larry Alcala study?,228
38,3,control_other_example_40,When did military instruction begin at the University of the Philippines?,228
38,4,control_other_example_43,Where is Cedar Springs located?,228
38,5,control_other_example_43,"Which counties share a border with Falls County, Texas?",228
38,6,control_other_example_44,Where is Bancroft located?,228
38,7,control_other_example_44,"Which county is Bancroft, Ontario located in?",228
39,0,control_other_example_40,Where did Larry Alcala study?,254
39,1,control_other_example_40,When did military instruction begin at the University of the Philippines?,254
39,2,control_other_example_43,Where is Cedar Springs located?,254
39,3,control_other_example_43,"Which counties share a border with Falls County, Texas?",254
39,4,control_other_example_44,Where is Bancroft located?,254
39,5,control_other_example_44,"Which county is Bancroft, Ontario located in?",254
39,6,control_other_example_44,Which counties border Hastings County in Ontario?,254
39,7,control_other_example_45,Who is Empress Wang's husband?,254
40,0,control_other_example_43,Where is Cedar Springs located?,302
40,1,control_other_example_43,"Which counties share a border with Falls County, Texas?",302
40,2,control_other_example_44,Where is Bancroft located?,302
40,3,control_other_example_44,"Which county is Bancroft, Ontario located in?",302
40,4,control_other_example_44,Which counties border Hastings County in Ontario?,302
40,5,control_other_example_45,Who is Empress Wang's husband?,302
40,6,control_other_example_45,Who was the father of Yang Pu (Emperor Rui of Wu)?,302
40,7,control_other_example_46,Who was the king of England in 1951?,302
43,0,control_other_example_44,Where is Bancroft located?,219
43,1,control_other_example_44,"Which county is Bancroft, Ontario located in?",219
43,2,control_other_example_44,Which counties border Hastings County in Ontario?,219
43,3,control_other_example_45,Who is Empress Wang's husband?,219
43,4,control_other_example_45,Who was the father of Yang Pu (Emperor Rui of Wu)?,219
43,5,control_other_example_46,Who was the king of England in 1951?,219
43,6,control_other_example_46,Which actor played King George VI in the film 'The King's Speech'?,219
43,7,control_other_example_50,Who is John's eldest son?,219
44,0,control_other_example_45,Who is Empress Wang's husband?,349
44,1,control_other_example_45,Who was the father of Yang Pu (Emperor Rui of Wu)?,349
44,2,control_other_example_46,Who was the king of England in 1951?,349
44,3,control_other_example_46,Which actor played King George VI in the film 'The King's Speech'?,349
44,4,control_other_example_50,Who is John's eldest son?,349
44,5,control_other_example_50,When was John's eldest son crowned?,349
44,6,control_other_example_50,When was John's eldest son crowned?,349
44,7,control_other_example_50,When was John's eldest son crowned?,349
45,0,control_other_example_46,Who was the king of England in 1951?,377
45,1,control_other_example_46,Which actor played King George VI in the film 'The King's Speech'?,377
45,2,control_other_example_50,Who is John's eldest son?,377
45,3,control_other_example_50,When was John's eldest son crowned?,377
45,4,control_other_example_50,When was John's eldest son crowned?,377
45,5,control_other_example_50,When was John's eldest son crowned?,377
45,6,control_other_example_51,Who played Thelma in Thelma and Louise?,377
45,7,control_other_example_51,What character did Geena Davis play in the movie A League of Their Own?,377
46,0,control_other_example_50,Who is John's eldest son?,340
46,1,control_other_example_50,When was John's eldest son crowned?,340
46,2,control_other_example_50,When was John's eldest son crowned?,340
46,3,control_other_example_50,When was John's eldest son crowned?,340
46,4,control_other_example_51,Who played Thelma in Thelma and Louise?,340
46,5,control_other_example_51,What character did Geena Davis play in the movie A League of Their Own?,340
46,6,control_other_example_52,Who played Thelma in Thelma and Louise?,340
46,7,control_other_example_52,Which character did Geena Davis play in the film A League of Their Own?,340
50,0,control_other_example_51,Who played Thelma in Thelma and Louise?,338
50,1,control_other_example_51,What character did Geena Davis play in the movie A League of Their Own?,338
50,2,control_other_example_52,Who played Thelma in Thelma and Louise?,338
50,3,control_other_example_52,Which character did Geena Davis play in the film A League of Their Own?,338
50,4,control_other_example_52,Who played the husband of Dottie Hinson in the film A League of Their Own?,338
50,5,control_other_example_53,Who is Chiang Hsiao-wen's father?,338
50,6,control_other_example_54,Who played Thelma in the movie 'Thelma and Louise'?,338
50,7,control_other_example_54,Which character did Geena Davis play in the movie 'A League of Their Own'?,338
51,0,control_other_example_52,Who played Thelma in Thelma and Louise?,256
51,1,control_other_example_52,Which character did Geena Davis play in the film A League of Their Own?,256
51,2,control_other_example_52,Who played the husband of Dottie Hinson in the film A League of Their Own?,256
51,3,control_other_example_53,Who is Chiang Hsiao-wen's father?,256
51,4,control_other_example_54,Who played Thelma in the movie 'Thelma and Louise'?,256
51,5,control_other_example_54,Which character did Geena Davis play in the movie 'A League of Their Own'?,256
51,6,control_other_example_55,"Movies starring Preity Zinta, Madhuri Dixit, and Ajay Devgn",256
51,7,control_other_example_56,Where is Bansaan Island located?,256
52,0,control_other_example_53,Who is Chiang Hsiao-wen's father?,469
52,1,control_other_example_54,Who played Thelma in the movie 'Thelma and Louise'?,469
52,2,control_other_example_54,Which character did Geena Davis play in the movie 'A League of Their Own'?,469
52,3,control_other_example_55,"Movies starring Preity Zinta, Madhuri Dixit, and Ajay Devgn",469
52,4,control_other_example_56,Where is Bansaan Island located?,469
52,5,control_other_example_57,Where was Ernie Watts born?,469
52,6,control_other_example_58,Where was James Finch born?,469
52,7,control_other_example_58,"Which county is Lynn Haven, Florida located in?",469
53,0,control_other_example_54,Who played Thelma in the movie 'Thelma and Louise'?,190
53,1,control_other_example_54,Which character did Geena Davis play in the movie 'A League of Their Own'?,190
53,2,control_other_example_55,"Movies starring Preity Zinta, Madhuri Dixit, and Ajay Devgn",190
53,3,control_other_example_56,Where is Bansaan Island located?,190
53,4,control_other_example_57,Where was Ernie Watts born?,190
53,5,control_other_example_58,Where was James Finch born?,190
53,6,control_other_example_58,"Which county is Lynn Haven, Florida located in?",190
53,7,control_other_example_59,Who starred in the movie No Escape?,190
54,0,control_other_example_55,"Movies starring Preity Zinta, Madhuri Dixit, and Ajay Devgn",320
54,1,control_other_example_56,Where is Bansaan Island located?,320
54,2,control_other_example_57,Where was Ernie Watts born?,320
54,3,control_other_example_58,Where was James Finch born?,320
54,4,control_other_example_58,"Which county is Lynn Haven, Florida located in?",320
54,5,control_other_example_59,Who starred in the movie No Escape?,320
54,6,control_other_example_59,"Which of the actors from No Escape (Valerie Hobson, Leslie Perrins, or Robert Cochran) was married and to whom?",320
54,7,control_other_example_60,Who is the father of Chian Hsiao-chang?,320
55,0,control_other_example_56,Where is Bansaan Island located?,204
55,1,control_other_example_57,Where was Ernie Watts born?,204
55,2,control_other_example_58,Where was James Finch born?,204
55,3,control_other_example_58,"Which county is Lynn Haven, Florida located in?",204
55,4,control_other_example_59,Who starred in the movie No Escape?,204
55,5,control_other_example_59,"Which of the actors from No Escape (Valerie Hobson, Leslie Perrins, or Robert Cochran) was married and to whom?",204
55,6,control_other_example_60,Who is the father of Chian Hsiao-chang?,204
55,7,control_other_example_60,What are all the children of Chiang Ching-kuo?,204
56,0,control_other_example_57,Where was Ernie Watts born?,187
56,1,control_other_example_58,Where was James Finch born?,187
56,2,control_other_example_58,"Which county is Lynn Haven, Florida located in?",187
56,3,control_other_example_59,Who starred in the movie No Escape?,187
56,4,control_other_example_59,"Which of the actors from No Escape (Valerie Hobson, Leslie Perrins, or Robert Cochran) was married and to whom?",187
56,5,control_other_example_60,Who is the father of Chian Hsiao-chang?,187
56,6,control_other_example_60,What are all the children of Chiang Ching-kuo?,187
56,7,control_other_example_63,Where was Snappy Tomato Pizza founded?,187
57,0,control_other_example_58,Where was James Finch born?,154
57,1,control_other_example_58,"Which county is Lynn Haven, Florida located in?",154
57,2,control_other_example_59,Who starred in the movie No Escape?,154
57,3,control_other_example_59,"Which of the actors from No Escape (Valerie Hobson, Leslie Perrins, or Robert Cochran) was married and to whom?",154
57,4,control_other_example_60,Who is the father of Chian Hsiao-chang?,154
57,5,control_other_example_60,What are all the children of Chiang Ching-kuo?,154
57,6,control_other_example_63,Where was Snappy Tomato Pizza founded?,154
57,7,control_other_example_63,"Which county is Fort Mitchell, Kentucky located in?",154
58,0,control_other_example_59,Who starred in the movie No Escape?,312
58,1,control_other_example_59,"Which of the actors from No Escape (Valerie Hobson, Leslie Perrins, or Robert Cochran) was married and to whom?",312
58,2,control_other_example_60,Who is the father of Chian Hsiao-chang?,312
58,3,control_other_example_60,What are all the children of Chiang Ching-kuo?,312
58,4,control_other_example_63,Where was Snappy Tomato Pizza founded?,312
58,5,control_other_example_63,"Which county is Fort Mitchell, Kentucky located in?",312
58,6,control_other_example_64,Who is the publisher of In the Shadow of Greatness?,312
58,7,control_other_example_64,Where are the headquarters of the United States Naval Institute located?,312
59,0,control_other_example_60,Who is the father of Chian Hsiao-chang?,303
59,1,control_other_example_60,What are all the children of Chiang Ching-kuo?,303
59,2,control_other_example_63,Where was Snappy Tomato Pizza founded?,303
59,3,control_other_example_63,"Which county is Fort Mitchell, Kentucky located in?",303
59,4,control_other_example_64,Who is the publisher of In the Shadow of Greatness?,303
59,5,control_other_example_64,Where are the headquarters of the United States Naval Institute located?,303
59,6,control_other_example_66,Who was the socialist candidate in the 1912 US presidential election?,303
59,7,control_other_example_68,Where was Lloyd Dane born?,303
60,0,control_other_example_63,Where was Snappy Tomato Pizza founded?,285
60,1,control_other_example_63,"Which county is Fort Mitchell, Kentucky located in?",285
60,2,control_other_example_64,Who is the publisher of In the Shadow of Greatness?,285
60,3,control_other_example_64,Where are the headquarters of the United States Naval Institute located?,285
60,4,control_other_example_66,Who was the socialist candidate in the 1912 US presidential election?,285
60,5,control_other_example_68,Where was Lloyd Dane born?,285
60,6,control_other_example_68,"Which county does Eldon, Missouri belong to?",285
60,7,control_other_example_71,What creature do annelid larvae live like?,285
63,0,control_other_example_64,Who is the publisher of In the Shadow of Greatness?,321
63,1,control_other_example_64,Where are the headquarters of the United States Naval Institute located?,321
63,2,control_other_example_66,Who was the socialist candidate in the 1912 US presidential election?,321
63,3,control_other_example_68,Where was Lloyd Dane born?,321
63,4,control_other_example_68,"Which county does Eldon, Missouri belong to?",321
63,5,control_other_example_71,What creature do annelid larvae live like?,321
63,6,control_other_example_71,Which character in Spongebob Squarepants has the same name as the creature that annelid larvae live like (plankton)?,321
63,7,control_other_example_72,Who performed the song Full Cooperation?,321
64,0,control_other_example_66,Who was the socialist candidate in the 1912 US presidential election?,270
64,1,control_other_example_68,Where was Lloyd Dane born?,270
64,2,control_other_example_68,"Which county does Eldon, Missouri belong to?",270
64,3,control_other_example_71,What creature do annelid larvae live like?,270
64,4,control_other_example_71,Which character in Spongebob Squarepants has the same name as the creature that annelid larvae live like (plankton)?,270
64,5,control_other_example_72,Who performed the song Full Cooperation?,270
64,6,control_other_example_72,Who are the members of the American hip hop group Def Squad?,270
64,7,control_other_example_74,Who is Anil Devgan's sibling?,270
66,0,control_other_example_68,Where was Lloyd Dane born?,196
66,1,control_other_example_68,"Which county does Eldon, Missouri belong to?",196
66,2,control_other_example_71,What creature do annelid larvae live like?,196
66,3,control_other_example_71,Which character in Spongebob Squarepants has the same name as the creature that annelid larvae live like (plankton)?,196
66,4,control_other_example_72,Who performed the song Full Cooperation?,196
66,5,control_other_example_72,Who are the members of the American hip hop group Def Squad?,196
66,6,control_other_example_74,Who is Anil Devgan's sibling?,196
66,7,control_other_example_74,Which films feature Ajay Devgan?,196
68,0,control_other_example_71,What creature do annelid larvae live like?,273
68,1,control_other_example_71,Which character in Spongebob Squarepants has the same name as the creature that annelid larvae live like (plankton)?,273
68,2,control_other_example_72,Who performed the song Full Cooperation?,273
68,3,control_other_example_72,Who are the members of the American hip hop group Def Squad?,273
68,4,control_other_example_74,Who is Anil Devgan's sibling?,273
68,5,control_other_example_74,Which films feature Ajay Devgan?,273
68,6,control_other_example_75,Who was the candidate that received a million votes in the 1920 election while in prison?,273
68,7,control_other_example_77,Where did Richard Feynman work on the Water Boiler reactor?,273
71,0,control_other_example_72,Who performed the song Full Cooperation?,472
71,1,control_other_example_72,Who are the members of the American hip hop group Def Squad?,472
71,2,control_other_example_74,Who is Anil Devgan's sibling?,472
71,3,control_other_example_74,Which films feature Ajay Devgan?,472
71,4,control_other_example_75,Who was the candidate that received a million votes in the 1920 election while in prison?,472
71,5,control_other_example_77,Where did Richard Feynman work on the Water Boiler reactor?,472
71,6,control_other_example_77,Which atomic bomb development project took place at Los Alamos and who was its director?,472
71,7,control_other_example_78,Who is the author of Missing Person?,472
72,0,control_other_example_74,Who is Anil Devgan's sibling?,384
72,1,control_other_example_74,Which films feature Ajay Devgan?,384
72,2,control_other_example_75,Who was the candidate that received a million votes in the 1920 election while in prison?,384
72,3,control_other_example_77,Where did Richard Feynman work on the Water Boiler reactor?,384
72,4,control_other_example_77,Which atomic bomb development project took place at Los Alamos and who was its director?,384
72,5,control_other_example_78,Who is the author of Missing Person?,384
72,6,control_other_example_78,What award did Patrick Modiano receive?,384
72,7,control_other_example_79,Who are the cast members of the movie U Me Aur Hum?,384
74,0,control_other_example_75,Who was the candidate that received a million votes in the 1920 election while in prison?,252
74,1,control_other_example_77,Where did Richard Feynman work on the Water Boiler reactor?,252
74,2,control_other_example_77,Which atomic bomb development project took place at Los Alamos and who was its director?,252
74,3,control_other_example_78,Who is the author of Missing Person?,252
74,4,control_other_example_78,What award did Patrick Modiano receive?,252
74,5,control_other_example_79,Who are the cast members of the movie U Me Aur Hum?,252
74,6,control_other_example_79,Which Bollywood movies feature both Preity Zinta and Madhuri Dixit in their cast?,252
74,7,control_other_example_79,What is the cast list for the movie 'Yeh Raaste Hain Pyaar Ke'?,252
75,0,control_other_example_77,Where did Richard Feynman work on the Water Boiler reactor?,217
75,1,control_other_example_77,Which atomic bomb development project took place at Los Alamos and who was its director?,217
75,2,control_other_example_78,Who is the author of Missing Person?,217
75,3,control_other_example_78,What award did Patrick Modiano receive?,217
75,4,control_other_example_79,Who are the cast members of the movie U Me Aur Hum?,217
75,5,control_other_example_79,Which Bollywood movies feature both Preity Zinta and Madhuri Dixit in their cast?,217
75,6,control_other_example_79,What is the cast list for the movie 'Yeh Raaste Hain Pyaar Ke'?,217
75,7,control_other_example_80,Who was Frederick Douglass married to?,217
77,0,control_other_example_78,Who is the author of Missing Person?,397
77,1,control_other_example_78,What award did Patrick Modiano receive?,397
77,2,control_other_example_79,Who are the cast members of the movie U Me Aur Hum?,397
77,3,control_other_example_79,Which Bollywood movies feature both Preity Zinta and Madhuri Dixit in their cast?,397
77,4,control_other_example_79,What is the cast list for the movie 'Yeh Raaste Hain Pyaar Ke'?,397
77,5,control_other_example_80,Who was Frederick Douglass married to?,397
77,6,control_other_example_81,Who is the book 'Adversary in the House' based on?,397
77,7,control_other_example_81,What political party did Eugene V. Debs belong to?,397
78,0,control_other_example_79,Who are the cast members of the movie U Me Aur Hum?,340
78,1,control_other_example_79,Which Bollywood movies feature both Preity Zinta and Madhuri Dixit in their cast?,340
78,2,control_other_example_79,What is the cast list for the movie 'Yeh Raaste Hain Pyaar Ke'?,340
78,3,control_other_example_80,Who was Frederick Douglass married to?,340
78,4,control_other_example_81,Who is the book 'Adversary in the House' based on?,340
78,5,control_other_example_81,What political party did Eugene V. Debs belong to?,340
78,6,control_other_example_82,Who is the longest-serving leader of the Liberal Party of Australia?,340
78,7,control_other_example_82,What specific political event or circumstance caused Robert Menzies to become Prime Minister of Australia?,340
79,0,control_other_example_80,Who was Frederick Douglass married to?,395
79,1,control_other_example_81,Who is the book 'Adversary in the House' based on?,395
79,2,control_other_example_81,What political party did Eugene V. Debs belong to?,395
79,3,control_other_example_82,Who is the longest-serving leader of the Liberal Party of Australia?,395
79,4,control_other_example_82,What specific political event or circumstance caused Robert Menzies to become Prime Minister of Australia?,395
79,5,control_other_example_84,Who is the publisher of The Final Testament of the Holy Bible?,395
79,6,control_other_example_84,Who founded the Gagosian Gallery?,395
79,7,control_other_example_85,What is the name of the band that released the album 'Nicole and Natalie'?,395
80,0,control_other_example_81,Who is the book 'Adversary in the House' based on?,178
80,1,control_other_example_81,What political party did Eugene V. Debs belong to?,178
80,2,control_other_example_82,Who is the longest-serving leader of the Liberal Party of Australia?,178
80,3,control_other_example_82,What specific political event or circumstance caused Robert Menzies to become Prime Minister of Australia?,178
80,4,control_other_example_84,Who is the publisher of The Final Testament of the Holy Bible?,178
80,5,control_other_example_84,Who founded the Gagosian Gallery?,178
80,6,control_other_example_85,What is the name of the band that released the album 'Nicole and Natalie'?,178
80,7,control_other_example_86,Which river does the Kichi Sipi Bridge cross?,178
81,0,control_other_example_82,Who is the longest-serving leader of the Liberal Party of Australia?,352
81,1,control_other_example_82,What specific political event or circumstance caused Robert Menzies to become Prime Minister of Australia?,352
81,2,control_other_example_84,Who is the publisher of The Final Testament of the Holy Bible?,352
81,3,control_other_example_84,Who founded the Gagosian Gallery?,352
81,4,control_other_example_85,What is the name of the band that released the album 'Nicole and Natalie'?,352
81,5,control_other_example_86,Which river does the Kichi Sipi Bridge cross?,352
81,6,control_other_example_86,Into which larger river does the Nelson River flow as a tributary?,352
81,7,control_other_example_88,Who are the cast members of Love in Pawn?,352
82,0,control_other_example_84,Who is the publisher of The Final Testament of the Holy Bible?,255
82,1,control_other_example_84,Who founded the Gagosian Gallery?,255
82,2,control_other_example_85,What is the name of the band that released the album 'Nicole and Natalie'?,255
82,3,control_other_example_86,Which river does the Kichi Sipi Bridge cross?,255
82,4,control_other_example_86,Into which larger river does the Nelson River flow as a tributary?,255
82,5,control_other_example_88,Who are the cast members of Love in Pawn?,255
82,6,control_other_example_88,Which of the cast members of 'Love in Pawn' (Bernard Braden and Barbara Kelly) are actors?,255
82,7,control_other_example_88,Who is the child of Bernard Braden or Barbara Kelly?,255
84,0,control_other_example_85,What is the name of the band that released the album 'Nicole and Natalie'?,359
84,1,control_other_example_86,Which river does the Kichi Sipi Bridge cross?,359
84,2,control_other_example_86,Into which larger river does the Nelson River flow as a tributary?,359
84,3,control_other_example_88,Who are the cast members of Love in Pawn?,359
84,4,control_other_example_88,Which of the cast members of 'Love in Pawn' (Bernard Braden and Barbara Kelly) are actors?,359
84,5,control_other_example_88,Who is the child of Bernard Braden or Barbara Kelly?,359
84,6,control_other_example_89,Who was the first nominated African American presidential candidate?,359
84,7,control_other_example_89,Who was the spouse of Frederick Douglass?,359
85,0,control_other_example_86,Which river does the Kichi Sipi Bridge cross?,224
85,1,control_other_example_86,Into which larger river does the Nelson River flow as a tributary?,224
85,2,control_other_example_88,Who are the cast members of Love in Pawn?,224
85,3,control_other_example_88,Which of the cast members of 'Love in Pawn' (Bernard Braden and Barbara Kelly) are actors?,224
85,4,control_other_example_88,Who is the child of Bernard Braden or Barbara Kelly?,224
85,5,control_other_example_89,Who was the first nominated African American presidential candidate?,224
85,6,control_other_example_89,Who was the spouse of Frederick Douglass?,224
85,7,control_other_example_90,Who founded the Liberal Party of Australia?,224
86,0,control_other_example_88,Who are the cast members of Love in Pawn?,289
86,1,control_other_example_88,Which of the cast members of 'Love in Pawn' (Bernard Braden and Barbara Kelly) are actors?,289
86,2,control_other_example_88,Who is the child of Bernard Braden or Barbara Kelly?,289
86,3,control_other_example_89,Who was the first nominated African American presidential candidate?,289
86,4,control_other_example_89,Who was the spouse of Frederick Douglass?,289
86,5,control_other_example_90,Who founded the Liberal Party of Australia?,289
86,6,control_other_example_90,When did Robert Menzies serve as Prime Minister of Australia?,289
86,7,control_other_example_90,What specific political event or circumstance led to Robert Menzies first becoming Prime Minister of Australia in 1939?,289
88,0,control_other_example_89,Who was the first nominated African American presidential candidate?,444
88,1,control_other_example_89,Who was the spouse of Frederick Douglass?,444
88,2,control_other_example_90,Who founded the Liberal Party of Australia?,444
88,3,control_other_example_90,When did Robert Menzies serve as Prime Minister of Australia?,444
88,4,control_other_example_90,What specific political event or circumstance led to Robert Menzies first becoming Prime Minister of Australia in 1939?,444
88,5,control_other_example_91,On which river is the Kettle Generating Station located?,444
88,6,control_other_example_91,"Is the Lower Nelson River a tributary of a larger river system, and if so, which main river does it flow into?",444
88,7,control_other_example_93,Who was a leading speaker against slavery and publisher of an antislavery newspaper?,444
89,0,control_other_example_90,Who founded the Liberal Party of Australia?,350
89,1,control_other_example_90,When did Robert Menzies serve as Prime Minister of Australia?,350
89,2,control_other_example_90,What specific political event or circumstance led to Robert Menzies first becoming Prime Minister of Australia in 1939?,350
89,3,control_other_example_91,On which river is the Kettle Generating Station located?,350
89,4,control_other_example_91,"Is the Lower Nelson River a tributary of a larger river system, and if so, which main river does it flow into?",350
89,5,control_other_example_93,Who was a leading speaker against slavery and publisher of an antislavery newspaper?,350
89,6,control_other_example_93,Who was Frederick Douglass's spouse?,350
89,7,control_other_example_95,Who is Ulrich Walter's employer?,350
90,0,control_other_example_91,On which river is the Kettle Generating Station located?,305
90,1,control_other_example_91,"Is the Lower Nelson River a tributary of a larger river system, and if so, which main river does it flow into?",305
90,2,control_other_example_93,Who was a leading speaker against slavery and publisher of an antislavery newspaper?,305
90,3,control_other_example_93,Who was Frederick Douglass's spouse?,305
90,4,control_other_example_95,Who is Ulrich Walter's employer?,305
90,5,control_other_example_96,Where is Lesnoye Sanatorium located?,305
90,6,control_other_example_96,Who is the city of Tolyatti named after?,305
90,7,control_other_example_97,Who is Ravil Aryapov and where was he born?,305
91,0,control_other_example_93,Who was a leading speaker against slavery and publisher of an antislavery newspaper?,262
91,1,control_other_example_93,Who was Frederick Douglass's spouse?,262
91,2,control_other_example_95,Who is Ulrich Walter's employer?,262
91,3,control_other_example_96,Where is Lesnoye Sanatorium located?,262
91,4,control_other_example_96,Who is the city of Tolyatti named after?,262
91,5,control_other_example_97,Who is Ravil Aryapov and where was he born?,262
91,6,control_other_example_97,Whom is the city of Tolyatti named after?,262
91,7,control_other_example_98,In which city is AvtoVAZ's headquarters located?,262
93,0,control_other_example_95,Who is Ulrich Walter's employer?,263
93,1,control_other_example_96,Where is Lesnoye Sanatorium located?,263
93,2,control_other_example_96,Who is the city of Tolyatti named after?,263
93,3,control_other_example_97,Who is Ravil Aryapov and where was he born?,263
93,4,control_other_example_97,Whom is the city of Tolyatti named after?,263
93,5,control_other_example_98,In which city is AvtoVAZ's headquarters located?,263
93,6,control_other_example_98,Who is the city of Tolyatti named after?,263
93,7,control_other_example_100,Who is the founder of the National Women's Party?,263
95,0,control_other_example_96,Where is Lesnoye Sanatorium located?,131
95,1,control_other_example_96,Who is the city of Tolyatti named after?,131
95,2,control_other_example_97,Who is Ravil Aryapov and where was he born?,131
95,3,control_other_example_97,Whom is the city of Tolyatti named after?,131
95,4,control_other_example_98,In which city is AvtoVAZ's headquarters located?,131
95,5,control_other_example_98,Who is the city of Tolyatti named after?,131
95,6,control_other_example_100,Who is the founder of the National Women's Party?,131
95,7,control_other_example_100,Where was Alice Paul born?,131
96,0,control_other_example_97,Who is Ravil Aryapov and where was he born?,288
96,1,control_other_example_97,Whom is the city of Tolyatti named after?,288
96,2,control_other_example_98,In which city is AvtoVAZ's headquarters located?,288
96,3,control_other_example_98,Who is the city of Tolyatti named after?,288
96,4,control_other_example_100,Who is the founder of the National Women's Party?,288
96,5,control_other_example_100,Where was Alice Paul born?,288
96,6,control_other_example_101,Where is Ciudad Deportiva located?,288
96,7,control_other_example_101,"What administrative territorial entity owns the Ciudad Deportiva sports complex in Nuevo Laredo, Mexico?",288
97,0,control_other_example_98,In which city is AvtoVAZ's headquarters located?,299
97,1,control_other_example_98,Who is the city of Tolyatti named after?,299
97,2,control_other_example_100,Who is the founder of the National Women's Party?,299
97,3,control_other_example_100,Where was Alice Paul born?,299
97,4,control_other_example_101,Where is Ciudad Deportiva located?,299
97,5,control_other_example_101,"What administrative territorial entity owns the Ciudad Deportiva sports complex in Nuevo Laredo, Mexico?",299
97,6,control_other_example_102,Which company distributed the film UHF?,299
97,7,control_other_example_102,Who founded Orion Pictures?,299
98,0,control_other_example_100,Who is the founder of the National Women's Party?,295
98,1,control_other_example_100,Where was Alice Paul born?,295
98,2,control_other_example_101,Where is Ciudad Deportiva located?,295
98,3,control_other_example_101,"What administrative territorial entity owns the Ciudad Deportiva sports complex in Nuevo Laredo, Mexico?",295
98,4,control_other_example_102,Which company distributed the film UHF?,295
98,5,control_other_example_102,Who founded Orion Pictures?,295
98,6,control_other_example_103,Who submitted the first version of the Equal Rights Amendment to Congress in 1923?,295
98,7,control_other_example_103,What is the place of birth of Alice Paul?,295
100,0,control_other_example_101,Where is Ciudad Deportiva located?,299
100,1,control_other_example_101,"What administrative territorial entity owns the Ciudad Deportiva sports complex in Nuevo Laredo, Mexico?",299
100,2,control_other_example_102,Which company distributed the film UHF?,299
100,3,control_other_example_102,Who founded Orion Pictures?,299
100,4,control_other_example_103,Who submitted the first version of the Equal Rights Amendment to Congress in 1923?,299
100,5,control_other_example_103,What is the place of birth of Alice Paul?,299
100,6,control_other_example_104,What is the location of the devolved body responsible for non-reserved matters since 2004?,299
100,7,control_other_example_105,Who first introduced the postal service in the Umayyad Caliphate?,299
101,0,control_other_example_102,Which company distributed the film UHF?,246
101,1,control_other_example_102,Who founded Orion Pictures?,246
101,2,control_other_example_103,Who submitted the first version of the Equal Rights Amendment to Congress in 1923?,246
101,3,control_other_example_103,What is the place of birth of Alice Paul?,246
101,4,control_other_example_104,What is the location of the devolved body responsible for non-reserved matters since 2004?,246
101,5,control_other_example_105,Who first introduced the postal service in the Umayyad Caliphate?,246
101,6,control_other_example_105,When did Mu'awiyah become caliph of the Umayyad Caliphate?,246
101,7,control_other_example_109,Who was named commander in chief of Texas forces by the new national government of Texas?,246
102,0,control_other_example_103,Who submitted the first version of the Equal Rights Amendment to Congress in 1923?,393
102,1,control_other_example_103,What is the place of birth of Alice Paul?,393
102,2,control_other_example_104,What is the location of the devolved body responsible for non-reserved matters since 2004?,393
102,3,control_other_example_105,Who first introduced the postal service in the Umayyad Caliphate?,393
102,4,control_other_example_105,When did Mu'awiyah become caliph of the Umayyad Caliphate?,393
102,5,control_other_example_109,Who was named commander in chief of Texas forces by the new national government of Texas?,393
102,6,control_other_example_112,Who is the author of The Secret World of Og?,393
102,7,control_other_example_112,Which university did Pierre Berton attend?,393
103,0,control_other_example_104,What is the location of the devolved body responsible for non-reserved matters since 2004?,311
103,1,control_other_example_105,Who first introduced the postal service in the Umayyad Caliphate?,311
103,2,control_other_example_105,When did Mu'awiyah become caliph of the Umayyad Caliphate?,311
103,3,control_other_example_109,Who was named commander in chief of Texas forces by the new national government of Texas?,311
103,4,control_other_example_112,Who is the author of The Secret World of Og?,311
103,5,control_other_example_112,Which university did Pierre Berton attend?,311
103,6,control_other_example_113,Who is Caroline LeRoy's spouse?,311
103,7,control_other_example_113,Who is Daniel Webster's child?,311
104,0,control_other_example_105,Who first introduced the postal service in the Umayyad Caliphate?,254
104,1,control_other_example_105,When did Mu'awiyah become caliph of the Umayyad Caliphate?,254
104,2,control_other_example_109,Who was named commander in chief of Texas forces by the new national government of Texas?,254
104,3,control_other_example_112,Who is the author of The Secret World of Og?,254
104,4,control_other_example_112,Which university did Pierre Berton attend?,254
104,5,control_other_example_113,Who is Caroline LeRoy's spouse?,254
104,6,control_other_example_113,Who is Daniel Webster's child?,254
104,7,control_other_example_114,Who is featured on the Chester Arthur coin?,254
105,0,control_other_example_109,Who was named commander in chief of Texas forces by the new national government of Texas?,450
105,1,control_other_example_112,Who is the author of The Secret World of Og?,450
105,2,control_other_example_112,Which university did Pierre Berton attend?,450
105,3,control_other_example_113,Who is Caroline LeRoy's spouse?,450
105,4,control_other_example_113,Who is Daniel Webster's child?,450
105,5,control_other_example_114,Who is featured on the Chester Arthur coin?,450
105,6,control_other_example_114,Where was suffragette Alice Paul born?,450
105,7,control_other_example_117,Who is the author of The National Dream?,450
109,0,control_other_example_112,Who is the author of The Secret World of Og?,258
109,1,control_other_example_112,Which university did Pierre Berton attend?,258
109,2,control_other_example_113,Who is Caroline LeRoy's spouse?,258
109,3,control_other_example_113,Who is Daniel Webster's child?,258
109,4,control_other_example_114,Who is featured on the Chester Arthur coin?,258
109,5,control_other_example_114,Where was suffragette Alice Paul born?,258
109,6,control_other_example_117,Who is the author of The National Dream?,258
109,7,control_other_example_117,Where did Pierre Berton go to university?,258
112,0,control_other_example_113,Who is Caroline LeRoy's spouse?,272
112,1,control_other_example_113,Who is Daniel Webster's child?,272
112,2,control_other_example_114,Who is featured on the Chester Arthur coin?,272
112,3,control_other_example_114,Where was suffragette Alice Paul born?,272
112,4,control_other_example_117,Who is the author of The National Dream?,272
112,5,control_other_example_117,Where did Pierre Berton go to university?,272
112,6,control_other_example_118,What is Xiao Liwu?,272
112,7,control_other_example_119,Who is the author of the book '1967: The Last Good Year'?,272
113,0,control_other_example_114,Who is featured on the Chester Arthur coin?,324
113,1,control_other_example_114,Where was suffragette Alice Paul born?,324
113,2,control_other_example_117,Who is the author of The National Dream?,324
113,3,control_other_example_117,Where did Pierre Berton go to university?,324
113,4,control_other_example_118,What is Xiao Liwu?,324
113,5,control_other_example_119,Who is the author of the book '1967: The Last Good Year'?,324
113,6,control_other_example_119,Which university did Pierre Berton attend?,324
113,7,control_other_example_120,Which Indian Presidents received the Bharat Ratna award before becoming President?,324
114,0,control_other_example_117,Who is the author of The National Dream?,429
114,1,control_other_example_117,Where did Pierre Berton go to university?,429
114,2,control_other_example_118,What is Xiao Liwu?,429
114,3,control_other_example_119,Who is the author of the book '1967: The Last Good Year'?,429
114,4,control_other_example_119,Which university did Pierre Berton attend?,429
114,5,control_other_example_120,Which Indian Presidents received the Bharat Ratna award before becoming President?,429
114,6,control_other_example_121,Which parliament approved the Directory of Public Worship?,429
114,7,control_other_example_121,Where has the modern Scottish Parliament been based since 2004?,429
117,0,control_other_example_118,What is Xiao Liwu?,328
117,1,control_other_example_119,Who is the author of the book '1967: The Last Good Year'?,328
117,2,control_other_example_119,Which university did Pierre Berton attend?,328
117,3,control_other_example_120,Which Indian Presidents received the Bharat Ratna award before becoming President?,328
117,4,control_other_example_121,Which parliament approved the Directory of Public Worship?,328
117,5,control_other_example_121,Where has the modern Scottish Parliament been based since 2004?,328
117,6,control_other_example_123,Which county contains Qiantong?,328
117,7,control_other_example_123,What city is located in Ninghai County?,328
118,0,control_other_example_119,Who is the author of the book '1967: The Last Good Year'?,184
118,1,control_other_example_119,Which university did Pierre Berton attend?,184
118,2,control_other_example_120,Which Indian Presidents received the Bharat Ratna award before becoming President?,184
118,3,control_other_example_121,Which parliament approved the Directory of Public Worship?,184
118,4,control_other_example_121,Where has the modern Scottish Parliament been based since 2004?,184
118,5,control_other_example_123,Which county contains Qiantong?,184
118,6,control_other_example_123,What city is located in Ninghai County?,184
118,7,control_other_example_123,"What cities are located within Ninghai County, Zhejiang province?",184
119,0,control_other_example_120,Which Indian Presidents received the Bharat Ratna award before becoming President?,356
119,1,control_other_example_121,Which parliament approved the Directory of Public Worship?,356
119,2,control_other_example_121,Where has the modern Scottish Parliament been based since 2004?,356
119,3,control_other_example_123,Which county contains Qiantong?,356
119,4,control_other_example_123,What city is located in Ninghai County?,356
119,5,control_other_example_123,"What cities are located within Ninghai County, Zhejiang province?",356
119,6,control_other_example_123,"What cities are located in Ninghai County, Zhejiang province?",356
119,7,control_other_example_125,Who is the god of the underworld in ancient Egyptian mythology?,356
120,0,control_other_example_121,Which parliament approved the Directory of Public Worship?,262
120,1,control_other_example_121,Where has the modern Scottish Parliament been based since 2004?,262
120,2,control_other_example_123,Which county contains Qiantong?,262
120,3,control_other_example_123,What city is located in Ninghai County?,262
120,4,control_other_example_123,"What cities are located within Ninghai County, Zhejiang province?",262
120,5,control_other_example_123,"What cities are located in Ninghai County, Zhejiang province?",262
120,6,control_other_example_125,Who is the god of the underworld in ancient Egyptian mythology?,262
120,7,control_other_example_126,"Who is Philippe, Duke of Orléans?",262
121,0,control_other_example_123,Which county contains Qiantong?,462
121,1,control_other_example_123,What city is located in Ninghai County?,462
121,2,control_other_example_123,"What cities are located within Ninghai County, Zhejiang province?",462
121,3,control_other_example_123,"What cities are located in Ninghai County, Zhejiang province?",462
121,4,control_other_example_125,Who is the god of the underworld in ancient Egyptian mythology?,462
121,5,control_other_example_126,"Who is Philippe, Duke of Orléans?",462
121,6,control_other_example_126,Who was the mother of King Louis XIII of France?,462
121,7,control_other_example_127,Who is Alhandra?,462
123,0,control_other_example_125,Who is the god of the underworld in ancient Egyptian mythology?,483
123,1,control_other_example_126,"Who is Philippe, Duke of Orléans?",483
123,2,control_other_example_126,Who was the mother of King Louis XIII of France?,483
123,3,control_other_example_127,Who is Alhandra?,483
123,4,control_other_example_128,Who played Truman Capote in the movie Capote?,483
123,5,control_other_example_129,Callum McManaman birthplace,483
123,6,control_other_example_130,In which province is Lago District located?,483
123,7,control_other_example_130,Which provinces share a border with Niassa Province?,483
125,0,control_other_example_126,"Who is Philippe, Duke of Orléans?",259
125,1,control_other_example_126,Who was the mother of King Louis XIII of France?,259
125,2,control_other_example_127,Who is Alhandra?,259
125,3,control_other_example_128,Who played Truman Capote in the movie Capote?,259
125,4,control_other_example_129,Callum McManaman birthplace,259
125,5,control_other_example_130,In which province is Lago District located?,259
125,6,control_other_example_130,Which provinces share a border with Niassa Province?,259
125,7,control_other_example_131,Who is the founder of Metalworks Studio?,259
126,0,control_other_example_127,Who is Alhandra?,246
126,1,control_other_example_128,Who played Truman Capote in the movie Capote?,246
126,2,control_other_example_129,Callum McManaman birthplace,246
126,3,control_other_example_130,In which province is Lago District located?,246
126,4,control_other_example_130,Which provinces share a border with Niassa Province?,246
126,5,control_other_example_131,Who is the founder of Metalworks Studio?,246
126,6,control_other_example_131,What record label is Gil Moore associated with?,246
126,7,control_other_example_133,Which group is European Movement Germany a member of?,246
127,0,control_other_example_128,Who played Truman Capote in the movie Capote?,144
127,1,control_other_example_129,Callum McManaman birthplace,144
127,2,control_other_example_130,In which province is Lago District located?,144
127,3,control_other_example_130,Which provinces share a border with Niassa Province?,144
127,4,control_other_example_131,Who is the founder of Metalworks Studio?,144
127,5,control_other_example_131,What record label is Gil Moore associated with?,144
127,6,control_other_example_133,Which group is European Movement Germany a member of?,144
127,7,control_other_example_133,What is the goal or mission of the European Movement International?,144
128,0,control_other_example_129,Callum McManaman birthplace,221
128,1,control_other_example_130,In which province is Lago District located?,221
128,2,control_other_example_130,Which provinces share a border with Niassa Province?,221
128,3,control_other_example_131,Who is the founder of Metalworks Studio?,221
128,4,control_other_example_131,What record label is Gil Moore associated with?,221
128,5,control_other_example_133,Which group is European Movement Germany a member of?,221
128,6,control_other_example_133,What is the goal or mission of the European Movement International?,221
128,7,control_other_example_135,Which city contains Broadhurst Park?,221
129,0,control_other_example_130,In which province is Lago District located?,280
129,1,control_other_example_130,Which provinces share a border with Niassa Province?,280
129,2,control_other_example_131,Who is the founder of Metalworks Studio?,280
129,3,control_other_example_131,What record label is Gil Moore associated with?,280
129,4,control_other_example_133,Which group is European Movement Germany a member of?,280
129,5,control_other_example_133,What is the goal or mission of the European Movement International?,280
129,6,control_other_example_135,Which city contains Broadhurst Park?,280
129,7,control_other_example_135,"Which towns share a border with the city of Manchester, England?",280
130,0,control_other_example_131,Who is the founder of Metalworks Studio?,269
130,1,control_other_example_131,What record label is Gil Moore associated with?,269
130,2,control_other_example_133,Which group is European Movement Germany a member of?,269
130,3,control_other_example_133,What is the goal or mission of the European Movement International?,269
130,4,control_other_example_135,Which city contains Broadhurst Park?,269
130,5,control_other_example_135,"Which towns share a border with the city of Manchester, England?",269
130,6,control_other_example_136,What is Vera Barbosa's place of birth?,269
130,7,control_other_example_136,"In which state is Vila Franca de Xira, Portugal located?",269
131,0,control_other_example_133,Which group is European Movement Germany a member of?,267
131,1,control_other_example_133,What is the goal or mission of the European Movement International?,267
131,2,control_other_example_135,Which city contains Broadhurst Park?,267
131,3,control_other_example_135,"Which towns share a border with the city of Manchester, England?",267
131,4,control_other_example_136,What is Vera Barbosa's place of birth?,267
131,5,control_other_example_136,"In which state is Vila Franca de Xira, Portugal located?",267
131,6,control_other_example_138,Who owned Empire Sports Network?,267
131,7,control_other_example_138,What company succeeded Adelphia Communications Corporation?,267
133,0,control_other_example_135,Which city contains Broadhurst Park?,250
133,1,control_other_example_135,"Which towns share a border with the city of Manchester, England?",250
133,2,control_other_example_136,What is Vera Barbosa's place of birth?,250
133,3,control_other_example_136,"In which state is Vila Franca de Xira, Portugal located?",250
133,4,control_other_example_138,Who owned Empire Sports Network?,250
133,5,control_other_example_138,What company succeeded Adelphia Communications Corporation?,250
133,6,control_other_example_141,What body of water is Bartram's Covered Bridge located on?,250
133,7,control_other_example_141,What watercourse does Crum Creek flow into?,250
135,0,control_other_example_136,What is Vera Barbosa's place of birth?,327
135,1,control_other_example_136,"In which state is Vila Franca de Xira, Portugal located?",327
135,2,control_other_example_138,Who owned Empire Sports Network?,327
135,3,control_other_example_138,What company succeeded Adelphia Communications Corporation?,327
135,4,control_other_example_141,What body of water is Bartram's Covered Bridge located on?,327
135,5,control_other_example_141,What watercourse does Crum Creek flow into?,327
135,6,control_other_example_142,Who is the ruler of the underworld in ancient Egyptian mythology?,327
135,7,control_other_example_142,"What broader mythological system, pantheon, or conceptual framework is Osiris a part of in ancient Egyptian religion?",327
136,0,control_other_example_138,Who owned Empire Sports Network?,233
136,1,control_other_example_138,What company succeeded Adelphia Communications Corporation?,233
136,2,control_other_example_141,What body of water is Bartram's Covered Bridge located on?,233
136,3,control_other_example_141,What watercourse does Crum Creek flow into?,233
136,4,control_other_example_142,Who is the ruler of the underworld in ancient Egyptian mythology?,233
136,5,control_other_example_142,"What broader mythological system, pantheon, or conceptual framework is Osiris a part of in ancient Egyptian religion?",233
136,6,control_other_example_143,In which county is Imperial located?,233
136,7,control_other_example_143,"What other counties share a border with Pecos County, Texas?",233
138,0,control_other_example_141,What body of water is Bartram's Covered Bridge located on?,440
138,1,control_other_example_141,What watercourse does Crum Creek flow into?,440
138,2,control_other_example_142,Who is the ruler of the underworld in ancient Egyptian mythology?,440
138,3,control_other_example_142,"What broader mythological system, pantheon, or conceptual framework is Osiris a part of in ancient Egyptian religion?",440
138,4,control_other_example_143,In which county is Imperial located?,440
138,5,control_other_example_143,"What other counties share a border with Pecos County, Texas?",440
138,6,control_other_example_144,What is the municipality of Póvoa de Santa Iria?,440
138,7,control_other_example_144,In which district is the municipality of Vila Franca de Xira located?,440
141,0,control_other_example_142,Who is the ruler of the underworld in ancient Egyptian mythology?,267
141,1,control_other_example_142,"What broader mythological system, pantheon, or conceptual framework is Osiris a part of in ancient Egyptian religion?",267
141,2,control_other_example_143,In which county is Imperial located?,267
141,3,control_other_example_143,"What other counties share a border with Pecos County, Texas?",267
141,4,control_other_example_144,What is the municipality of Póvoa de Santa Iria?,267
141,5,control_other_example_144,In which district is the municipality of Vila Franca de Xira located?,267
141,6,control_other_example_145,Who is the author of The Timothy Files?,267
141,7,control_other_example_145,What is a notable work written by Lawrence Sanders?,267
142,0,control_other_example_143,In which county is Imperial located?,362
142,1,control_other_example_143,"What other counties share a border with Pecos County, Texas?",362
142,2,control_other_example_144,What is the municipality of Póvoa de Santa Iria?,362
142,3,control_other_example_144,In which district is the municipality of Vila Franca de Xira located?,362
142,4,control_other_example_145,Who is the author of The Timothy Files?,362
142,5,control_other_example_145,What is a notable work written by Lawrence Sanders?,362
142,6,control_other_example_146,Where was William W. Blair born?,362
142,7,control_other_example_146,"In what county is Holley, New York located?",362
143,0,control_other_example_144,What is the municipality of Póvoa de Santa Iria?,306
143,1,control_other_example_144,In which district is the municipality of Vila Franca de Xira located?,306
143,2,control_other_example_145,Who is the author of The Timothy Files?,306
143,3,control_other_example_145,What is a notable work written by Lawrence Sanders?,306
143,4,control_other_example_146,Where was William W. Blair born?,306
143,5,control_other_example_146,"In what county is Holley, New York located?",306
143,6,control_other_example_147,Who is São José dos Campos named after?,306
143,7,control_other_example_147,How old was Mary when she was engaged to Joseph according to historical or biblical records?,306
144,0,control_other_example_145,Who is the author of The Timothy Files?,225
144,1,control_other_example_145,What is a notable work written by Lawrence Sanders?,225
144,2,control_other_example_146,Where was William W. Blair born?,225
144,3,control_other_example_146,"In what county is Holley, New York located?",225
144,4,control_other_example_147,Who is São José dos Campos named after?,225
144,5,control_other_example_147,How old was Mary when she was engaged to Joseph according to historical or biblical records?,225
144,6,control_other_example_149,What is the name of the old show named after Mickey Mouse?,225
144,7,control_other_example_150,What country has the ISO 3166-1 alpha-2 code CV?,225
145,0,control_other_example_146,Where was William W. Blair born?,286
145,1,control_other_example_146,"In what county is Holley, New York located?",286
145,2,control_other_example_147,Who is São José dos Campos named after?,286
145,3,control_other_example_147,How old was Mary when she was engaged to Joseph according to historical or biblical records?,286
145,4,control_other_example_149,What is the name of the old show named after Mickey Mouse?,286
145,5,control_other_example_150,What country has the ISO 3166-1 alpha-2 code CV?,286
145,6,control_other_example_150,Where is Cabo Verde located geographically?,286
145,7,control_other_example_151,Who is the author of The Red Tree?,286
146,0,control_other_example_147,Who is São José dos Campos named after?,377
146,1,control_other_example_147,How old was Mary when she was engaged to Joseph according to historical or biblical records?,377
146,2,control_other_example_149,What is the name of the old show named after Mickey Mouse?,377
146,3,control_other_example_150,What country has the ISO 3166-1 alpha-2 code CV?,377
146,4,control_other_example_150,Where is Cabo Verde located geographically?,377
146,5,control_other_example_151,Who is the author of The Red Tree?,377
146,6,control_other_example_151,What award did Shaun Tan receive?,377
146,7,control_other_example_152,What character is featured in the video game Mickey's Safari in Letterland?,377
147,0,control_other_example_149,What is the name of the old show named after Mickey Mouse?,400
147,1,control_other_example_150,What country has the ISO 3166-1 alpha-2 code CV?,400
147,2,control_other_example_150,Where is Cabo Verde located geographically?,400
147,3,control_other_example_151,Who is the author of The Red Tree?,400
147,4,control_other_example_151,What award did Shaun Tan receive?,400
147,5,control_other_example_152,What character is featured in the video game Mickey's Safari in Letterland?,400
147,6,control_other_example_152,What television show is named after the character Mickey Mouse?,400
147,7,control_other_example_153,Where is the headquarters of Southern Maryland Electric Cooperative?,400
149,0,control_other_example_150,What country has the ISO 3166-1 alpha-2 code CV?,235
149,1,control_other_example_150,Where is Cabo Verde located geographically?,235
149,2,control_other_example_151,Who is the author of The Red Tree?,235
149,3,control_other_example_151,What award did Shaun Tan receive?,235
149,4,control_other_example_152,What character is featured in the video game Mickey's Safari in Letterland?,235
149,5,control_other_example_152,What television show is named after the character Mickey Mouse?,235
149,6,control_other_example_153,Where is the headquarters of Southern Maryland Electric Cooperative?,235
149,7,control_other_example_154,Amílcar Cabral International Airport location,235
150,0,control_other_example_151,Who is the author of The Red Tree?,319
150,1,control_other_example_151,What award did Shaun Tan receive?,319
150,2,control_other_example_152,What character is featured in the video game Mickey's Safari in Letterland?,319
150,3,control_other_example_152,What television show is named after the character Mickey Mouse?,319
150,4,control_other_example_153,Where is the headquarters of Southern Maryland Electric Cooperative?,319
150,5,control_other_example_154,Amílcar Cabral International Airport location,319
150,6,control_other_example_155,Who is the author of the book 'Hannibal and Scipio'?,319
150,7,control_other_example_155,Where was Thomas Nabbes educated?,319
151,0,control_other_example_152,What character is featured in the video game Mickey's Safari in Letterland?,274
151,1,control_other_example_152,What television show is named after the character Mickey Mouse?,274
151,2,control_other_example_153,Where is the headquarters of Southern Maryland Electric Cooperative?,274
151,3,control_other_example_154,Amílcar Cabral International Airport location,274
151,4,control_other_example_155,Who is the author of the book 'Hannibal and Scipio'?,274
151,5,control_other_example_155,Where was Thomas Nabbes educated?,274
151,6,control_other_example_156,Who is Tyler MacDuff?,274
151,7,control_other_example_156,Where was Dana MacDuff educated?,274
152,0,control_other_example_153,Where is the headquarters of Southern Maryland Electric Cooperative?,358
152,1,control_other_example_154,Amílcar Cabral International Airport location,358
152,2,control_other_example_155,Who is the author of the book 'Hannibal and Scipio'?,358
152,3,control_other_example_155,Where was Thomas Nabbes educated?,358
152,4,control_other_example_156,Who is Tyler MacDuff?,358
152,5,control_other_example_156,Where was Dana MacDuff educated?,358
152,6,control_other_example_158,In which city is Kimbrough Memorial Stadium located?,358
152,7,control_other_example_158,"Which county is Canyon, Texas located in?",358
153,0,control_other_example_154,Amílcar Cabral International Airport location,188
153,1,control_other_example_155,Who is the author of the book 'Hannibal and Scipio'?,188
153,2,control_other_example_155,Where was Thomas Nabbes educated?,188
153,3,control_other_example_156,Who is Tyler MacDuff?,188
153,4,control_other_example_156,Where was Dana MacDuff educated?,188
153,5,control_other_example_158,In which city is Kimbrough Memorial Stadium located?,188
153,6,control_other_example_158,"Which county is Canyon, Texas located in?",188
153,7,control_other_example_160,Where was Erich Zakowski born?,188
154,0,control_other_example_155,Who is the author of the book 'Hannibal and Scipio'?,206
154,1,control_other_example_155,Where was Thomas Nabbes educated?,206
154,2,control_other_example_156,Who is Tyler MacDuff?,206
154,3,control_other_example_156,Where was Dana MacDuff educated?,206
154,4,control_other_example_158,In which city is Kimbrough Memorial Stadium located?,206
154,5,control_other_example_158,"Which county is Canyon, Texas located in?",206
154,6,control_other_example_160,Where was Erich Zakowski born?,206
154,7,control_other_example_160,Which military force overran much of East Prussia during World War II?,206
155,0,control_other_example_156,Who is Tyler MacDuff?,375
155,1,control_other_example_156,Where was Dana MacDuff educated?,375
155,2,control_other_example_158,In which city is Kimbrough Memorial Stadium located?,375
155,3,control_other_example_158,"Which county is Canyon, Texas located in?",375
155,4,control_other_example_160,Where was Erich Zakowski born?,375
155,5,control_other_example_160,Which military force overran much of East Prussia during World War II?,375
155,6,control_other_example_161,What is the Federation Cup in sports?,375
155,7,control_other_example_161,Which organization is the Federation Cup in women's tennis named after?,375
156,0,control_other_example_158,In which city is Kimbrough Memorial Stadium located?,308
156,1,control_other_example_158,"Which county is Canyon, Texas located in?",308
156,2,control_other_example_160,Where was Erich Zakowski born?,308
156,3,control_other_example_160,Which military force overran much of East Prussia during World War II?,308
156,4,control_other_example_161,What is the Federation Cup in sports?,308
156,5,control_other_example_161,Which organization is the Federation Cup in women's tennis named after?,308
156,6,control_other_example_162,What are notable works by Gotthold Ephraim Lessing?,308
156,7,control_other_example_163,Who is the performer of the song Almost Made Ya?,308
158,0,control_other_example_160,Where was Erich Zakowski born?,308
158,1,control_other_example_160,Which military force overran much of East Prussia during World War II?,308
158,2,control_other_example_161,What is the Federation Cup in sports?,308
158,3,control_other_example_161,Which organization is the Federation Cup in women's tennis named after?,308
158,4,control_other_example_162,What are notable works by Gotthold Ephraim Lessing?,308
158,5,control_other_example_163,Who is the performer of the song Almost Made Ya?,308
158,6,control_other_example_163,What record label is the duo Ali & Gipp signed to?,308
158,7,control_other_example_164,Which agency publishes the U.S. and World Population Clock?,308
160,0,control_other_example_161,What is the Federation Cup in sports?,361
160,1,control_other_example_161,Which organization is the Federation Cup in women's tennis named after?,361
160,2,control_other_example_162,What are notable works by Gotthold Ephraim Lessing?,361
160,3,control_other_example_163,Who is the performer of the song Almost Made Ya?,361
160,4,control_other_example_163,What record label is the duo Ali & Gipp signed to?,361
160,5,control_other_example_164,Which agency publishes the U.S. and World Population Clock?,361
160,6,control_other_example_164,What total area in square miles does the United States Census Bureau report?,361
160,7,control_other_example_165,What is the total area of Atlantic City in square miles according to TIGER?,361
161,0,control_other_example_162,What are notable works by Gotthold Ephraim Lessing?,255
161,1,control_other_example_163,Who is the performer of the song Almost Made Ya?,255
161,2,control_other_example_163,What record label is the duo Ali & Gipp signed to?,255
161,3,control_other_example_164,Which agency publishes the U.S. and World Population Clock?,255
161,4,control_other_example_164,What total area in square miles does the United States Census Bureau report?,255
161,5,control_other_example_165,What is the total area of Atlantic City in square miles according to TIGER?,255
161,6,control_other_example_166,Who is the child of Sigrid Eskilsdotter?,255
161,7,control_other_example_166,Who are the children of Christina Gyllenstierna?,255
162,0,control_other_example_163,Who is the performer of the song Almost Made Ya?,171
162,1,control_other_example_163,What record label is the duo Ali & Gipp signed to?,171
162,2,control_other_example_164,Which agency publishes the U.S. and World Population Clock?,171
162,3,control_other_example_164,What total area in square miles does the United States Census Bureau report?,171
162,4,control_other_example_165,What is the total area of Atlantic City in square miles according to TIGER?,171
162,5,control_other_example_166,Who is the child of Sigrid Eskilsdotter?,171
162,6,control_other_example_166,Who are the children of Christina Gyllenstierna?,171
162,7,control_other_example_167,Who performed the song 'Victim of Romance'?,171
163,0,control_other_example_164,Which agency publishes the U.S. and World Population Clock?,391
163,1,control_other_example_164,What total area in square miles does the United States Census Bureau report?,391
163,2,control_other_example_165,What is the total area of Atlantic City in square miles according to TIGER?,391
163,3,control_other_example_166,Who is the child of Sigrid Eskilsdotter?,391
163,4,control_other_example_166,Who are the children of Christina Gyllenstierna?,391
163,5,control_other_example_167,Who performed the song 'Victim of Romance'?,391
163,6,control_other_example_167,Who is Michelle Phillips' child?,391
163,7,control_other_example_169,Where was Erich Zakowski born?,391
164,0,control_other_example_165,What is the total area of Atlantic City in square miles according to TIGER?,476
164,1,control_other_example_166,Who is the child of Sigrid Eskilsdotter?,476
164,2,control_other_example_166,Who are the children of Christina Gyllenstierna?,476
164,3,control_other_example_167,Who performed the song 'Victim of Romance'?,476
164,4,control_other_example_167,Who is Michelle Phillips' child?,476
164,5,control_other_example_169,Where was Erich Zakowski born?,476
164,6,control_other_example_169,Which specific Curonian population historically inhabited East Prussia?,476
164,7,control_other_example_173,What is the 1965 Federation Cup?,476
165,0,control_other_example_166,Who is the child of Sigrid Eskilsdotter?,225
165,1,control_other_example_166,Who are the children of Christina Gyllenstierna?,225
165,2,control_other_example_167,Who performed the song 'Victim of Romance'?,225
165,3,control_other_example_167,Who is Michelle Phillips' child?,225
165,4,control_other_example_169,Where was Erich Zakowski born?,225
165,5,control_other_example_169,Which specific Curonian population historically inhabited East Prussia?,225
165,6,control_other_example_173,What is the 1965 Federation Cup?,225
165,7,control_other_example_173,What is the Fed Cup (formerly Federation Cup) tennis competition named after?,225
166,0,control_other_example_167,Who performed the song 'Victim of Romance'?,264
166,1,control_other_example_167,Who is Michelle Phillips' child?,264
166,2,control_other_example_169,Where was Erich Zakowski born?,264
166,3,control_other_example_169,Which specific Curonian population historically inhabited East Prussia?,264
166,4,control_other_example_173,What is the 1965 Federation Cup?,264
166,5,control_other_example_173,What is the Fed Cup (formerly Federation Cup) tennis competition named after?,264
166,6,control_other_example_174,Where was Tim Dubois born?,264
166,7,control_other_example_174,"What county is Southwest City, Missouri located in?",264
167,0,control_other_example_169,Where was Erich Zakowski born?,344
167,1,control_other_example_169,Which specific Curonian population historically inhabited East Prussia?,344
167,2,control_other_example_173,What is the 1965 Federation Cup?,344
167,3,control_other_example_173,What is the Fed Cup (formerly Federation Cup) tennis competition named after?,344
167,4,control_other_example_174,Where was Tim Dubois born?,344
167,5,control_other_example_174,"What county is Southwest City, Missouri located in?",344
167,6,control_other_example_176,Who performed the song 'Qui de nous deux'?,344
167,7,control_other_example_178,Who are the members of The Bruce Lee Band?,344
169,0,control_other_example_173,What is the 1965 Federation Cup?,354
169,1,control_other_example_173,What is the Fed Cup (formerly Federation Cup) tennis competition named after?,354
169,2,control_other_example_174,Where was Tim Dubois born?,354
169,3,control_other_example_174,"What county is Southwest City, Missouri located in?",354
169,4,control_other_example_176,Who performed the song 'Qui de nous deux'?,354
169,5,control_other_example_178,Who are the members of The Bruce Lee Band?,354
169,6,control_other_example_178,What record label did Mike Park start?,354
169,7,control_other_example_179,Who performed the song 'Je dis aime'?,354
173,0,control_other_example_174,Where was Tim Dubois born?,283
173,1,control_other_example_174,"What county is Southwest City, Missouri located in?",283
173,2,control_other_example_176,Who performed the song 'Qui de nous deux'?,283
173,3,control_other_example_178,Who are the members of The Bruce Lee Band?,283
173,4,control_other_example_178,What record label did Mike Park start?,283
173,5,control_other_example_179,Who performed the song 'Je dis aime'?,283
173,6,control_other_example_179,Who is the father of Matthieu Chedid?,283
173,7,control_other_example_180,What is Labo M?,283
174,0,control_other_example_176,Who performed the song 'Qui de nous deux'?,275
174,1,control_other_example_178,Who are the members of The Bruce Lee Band?,275
174,2,control_other_example_178,What record label did Mike Park start?,275
174,3,control_other_example_179,Who performed the song 'Je dis aime'?,275
174,4,control_other_example_179,Who is the father of Matthieu Chedid?,275
174,5,control_other_example_180,What is Labo M?,275
174,6,control_other_example_180,Who is the father of French singer-songwriter Matthieu Chedid?,275
174,7,control_other_example_183,Who is the producer of Julius Caesar?,275
176,0,control_other_example_178,Who are the members of The Bruce Lee Band?,152
176,1,control_other_example_178,What record label did Mike Park start?,152
176,2,control_other_example_179,Who performed the song 'Je dis aime'?,152
176,3,control_other_example_179,Who is the father of Matthieu Chedid?,152
176,4,control_other_example_180,What is Labo M?,152
176,5,control_other_example_180,Who is the father of French singer-songwriter Matthieu Chedid?,152
176,6,control_other_example_183,Who is the producer of Julius Caesar?,152
176,7,control_other_example_183,Where did John Houseman study or work?,152
178,0,control_other_example_179,Who performed the song 'Je dis aime'?,280
178,1,control_other_example_179,Who is the father of Matthieu Chedid?,280
178,2,control_other_example_180,What is Labo M?,280
178,3,control_other_example_180,Who is the father of French singer-songwriter Matthieu Chedid?,280
178,4,control_other_example_183,Who is the producer of Julius Caesar?,280
178,5,control_other_example_183,Where did John Houseman study or work?,280
178,6,control_other_example_186,What is the Federation Cup in sports?,280
178,7,control_other_example_186,What is the Federation Cup in women's tennis named after?,280
179,0,control_other_example_180,What is Labo M?,241
179,1,control_other_example_180,Who is the father of French singer-songwriter Matthieu Chedid?,241
179,2,control_other_example_183,Who is the producer of Julius Caesar?,241
179,3,control_other_example_183,Where did John Houseman study or work?,241
179,4,control_other_example_186,What is the Federation Cup in sports?,241
179,5,control_other_example_186,What is the Federation Cup in women's tennis named after?,241
179,6,control_other_example_188,In which county is Van Hook Township located?,241
179,7,control_other_example_188,"What is the county seat of Mountrail County, North Dakota?",241
180,0,control_other_example_183,Who is the producer of Julius Caesar?,317
180,1,control_other_example_183,Where did John Houseman study or work?,317
180,2,control_other_example_186,What is the Federation Cup in sports?,317
180,3,control_other_example_186,What is the Federation Cup in women's tennis named after?,317
180,4,control_other_example_188,In which county is Van Hook Township located?,317
180,5,control_other_example_188,"What is the county seat of Mountrail County, North Dakota?",317
180,6,control_other_example_191,Who produced the film On Dangerous Ground?,317
180,7,control_other_example_191,Where did John Houseman study or work?,317
183,0,control_other_example_186,What is the Federation Cup in sports?,419
183,1,control_other_example_186,What is the Federation Cup in women's tennis named after?,419
183,2,control_other_example_188,In which county is Van Hook Township located?,419
183,3,control_other_example_188,"What is the county seat of Mountrail County, North Dakota?",419
183,4,control_other_example_191,Who produced the film On Dangerous Ground?,419
183,5,control_other_example_191,Where did John Houseman study or work?,419
183,6,control_other_example_0,What network is National Cycle Route 57 part of?,419
183,7,control_other_example_1,Where is the headquarters of Julia's House located?,419
186,0,control_other_example_188,In which county is Van Hook Township located?,263
186,1,control_other_example_188,"What is the county seat of Mountrail County, North Dakota?",263
186,2,control_other_example_191,Who produced the film On Dangerous Ground?,263
186,3,control_other_example_191,Where did John Houseman study or work?,263
186,4,control_other_example_0,What network is National Cycle Route 57 part of?,263
186,5,control_other_example_1,Where is the headquarters of Julia's House located?,263
186,6,control_other_example_2,Where is Coffee Swamp located?,263
186,7,control_other_example_3,Who is the child of Peter Andreas Heiberg?,263
188,0,control_other_example_191,Who produced the film On Dangerous Ground?,239
188,1,control_other_example_191,Where did John Houseman study or work?,239
188,2,control_other_example_0,What network is National Cycle Route 57 part of?,239
188,3,control_other_example_1,Where is the headquarters of Julia's House located?,239
188,4,control_other_example_2,Where is Coffee Swamp located?,239
188,5,control_other_example_3,Who is the child of Peter Andreas Heiberg?,239
188,6,control_other_example_3,Who is the spouse of Johan Ludvig Heiberg?,239
188,7,control_other_example_4,"Who were the siblings of Alice de Lusignan, Countess of Surrey?",239
191,0,control_other_example_0,What network is National Cycle Route 57 part of?,341
191,1,control_other_example_1,Where is the headquarters of Julia's House located?,341
191,2,control_other_example_2,Where is Coffee Swamp located?,341
191,3,control_other_example_3,Who is the child of Peter Andreas Heiberg?,341
191,4,control_other_example_3,Who is the spouse of Johan Ludvig Heiberg?,341
191,5,control_other_example_4,"Who were the siblings of Alice de Lusignan, Countess of Surrey?",341
191,6,control_other_example_4,When was King Henry III of England crowned?,341
191,7,control_other_example_6,Which university employed Ernst Mach?,341
