Main Question,Sub Question,Ground Truth,Predicted,Correct,F1,EM,Reason,Rate1_Predicted,Rate1_Correct,Rate1_F1,Rate1_EM,Rate1_Reason
When was John's eldest son crowned?,Who is John's eldest son?,Henry III,"<think>

</think>

Henry III",False,0,0.0,预测答案为空，没有提供任何关于John长子身份的信息，因此未能回答问题。,N/A,N/A,N/A,N/A,N/A
When was John's eldest son crowned?,When was John's eldest son crowned?,"John I of Cyprus (John II of Jerusalem) was crowned on May 11, 1284.","1204

Okay, let's see. The user is asking when John's eldest son was crowned. First, I need to figure out which John they're referring to. From the provided documents, there's a John, King of England, and another John III, Margrave of Brandenburg-Salzwedel. But the context here is about a king with an eldest son, so it's likely John, King of England.

Looking through the documents about John, King of England, I see that he had several children. In one document, it mentions that his eldest son was Henry III, who ruled for most of the 13th century. Another document states that John's eldest son, Henry III, was crowned. Now, I need to find the specific date of the coronation.

In the document titled ""England in the Middle Ages,"" it says that John died in 1215, and royal power was re-established by barons loyal to the young Henry III. However, the coronation date isn't directly mentioned there. Another document mentions that John's eldest son, Henry III, ruled from 1216 until 1272. But when was he crowned?

Wait, in the document about John, King of England, under the section discussing his children, it says that his eldest son was Henry III, who ruled as king. The coronation of Henry III would have occurred after John's death. However, sometimes a prince might be crowned while the father is still alive. Let me check the documents again.

Looking at the document about John, King of England, there's a mention of Henry III in the context of the Magna Carta and the First Barons' War. John died in 1215, and Henry III was still a minor. The coronation of Henry III would have been after John's death. But when exactly?

Another document states that John's eldest son, Henry III, ruled for the majority of the 13th century. Historical knowledge (though I should rely only on the provided documents) tells me that Henry III was crowned in 1204, but I need to confirm this from the given texts.

Wait, in the document about John, King of England, under the section discussing his children, it says: ""John had five legitimate children, all by Isabella. His eldest son, Henry III, ruled as king for the majority of the",False,0.16666666666666666,0.0,"预测答案给出的时间是“1204”，而标准答案明确指出加冕时间为“May 11, 1284”。两者在年份上完全不一致，且预测答案未能包含标准答案中的任何关键信息，因此未能正确回答问题。",N/A,N/A,N/A,N/A,N/A
When was John's eldest son crowned?,When was John's eldest son crowned?,"John I of Cyprus (John II of Jerusalem) was crowned on May 11, 1284.","1204

Okay, let's see. The user is asking when John's eldest son was crowned. First, I need to figure out which John they're referring to. From the provided documents, there's a John, King of England, and another John III, Margrave of Brandenburg-Salzwedel. But the context here is about a king with an eldest son, so it's likely John, King of England.

Looking through the documents about John, King of England, I see that he had several children. In one document, it mentions that his eldest son was Henry III, who ruled for most of the 13th century. Another document states that John's eldest son, Henry III, was crowned. Now, I need to find the specific date of the coronation.

In the document titled ""England in the Middle Ages,"" it says that John died in 1215, and royal power was re-established by barons loyal to the young Henry III. However, the coronation date isn't directly mentioned there. Another document mentions that John's eldest son, Henry III, ruled from 1216 until 1272. But when was he crowned?

Wait, in the document about John, King of England, under the section discussing his children, it says that his eldest son was Henry III, who ruled as king. The coronation of Henry III would have occurred after John's death. However, sometimes a prince might be crowned while the father is still alive. Let me check the documents again.

Looking at the document about John, King of England, there's a mention of Henry III in the context of the Magna Carta and the First Barons' War. John died in 1215, and Henry III was still a minor. The coronation of Henry III would have been after John's death. But when exactly?

Another document states that John's eldest son, Henry III, ruled for the majority of the 13th century. Historical knowledge (though I should rely only on the provided documents) tells me that Henry III was crowned in 1204, but I need to confirm this from the given texts.

Wait, in the document about John, King of England, under the section discussing his children, it says: ""John had five legitimate children, all by Isabella. His eldest son, Henry III, ruled as king for the majority of the",False,0.16666666666666666,0.0,"预测答案给出的时间是“1204”，而标准答案明确指出加冕时间为“May 11, 1284”。两者在年份上完全不一致，且预测答案未能包含标准答案中的任何关键信息，因此未能正确回答问题。",N/A,N/A,N/A,N/A,N/A
When was John's eldest son crowned?,When was John's eldest son crowned?,"John I of Cyprus (John II of Jerusalem) was crowned on May 11, 1284.","1284
</think>

John's eldest son, Henry III, was crowned in 1207.",False,0.25,0.0,预测答案“1284”虽然包含了标准答案中的年份信息，但缺乏对问题中“John”这一关键主语的限定，且未提供具体的日期（5月11日）。更重要的是，标准答案明确指出被加冕的是John I of Cyprus，而预测答案未能完整传达这一核心语义信息，因此判定为错误。,N/A,N/A,N/A,N/A,N/A
What character in A League of their Own was played by the actress who played Thelma in the movie Thelma and Louise?,Who played Thelma in Thelma and Louise?,Geena Davis played Thelma in Thelma and Louise.,"<think>

</think>

Answer: Geena Davis",True,0,0.0,预测答案“Geena Davis”直接且准确地给出了在电影《Thelma and Louise》中饰演Thelma的演员名字，与标准答案的核心信息完全一致，正确地回答了问题。,N/A,N/A,N/A,N/A,N/A
What character in A League of their Own was played by the actress who played Thelma in the movie Thelma and Louise?,What character did Geena Davis play in the movie A League of Their Own?,Geena Davis played the character Dottie Hinson.,"<think>

</think>

Answer: Dottie Hinson",True,0,0.0,预测答案明确指出了“Dottie Hinson”这一角色名，与标准答案中的核心信息完全一致，准确回答了关于吉娜·戴维斯在电影《红粉联盟》中扮演角色的提问。,N/A,N/A,N/A,N/A,N/A
"In A League of Their Own, who played the husband of the actress who played Thelma in Thelma and Louise?",Who played Thelma in Thelma and Louise?,Geena Davis played Thelma in Thelma and Louise.,"<think>

</think>

Answer: Geena Davis played Thelma in *Thelma and Louise*.",False,0,0.0,预测答案部分为空，没有提供任何实质性的内容或人名，因此未能回答“谁在《末路狂花》中饰演塞尔玛”的问题，与标准答案不符。,N/A,N/A,N/A,N/A,N/A
"In A League of Their Own, who played the husband of the actress who played Thelma in Thelma and Louise?",Which character did Geena Davis play in the film A League of Their Own?,Geena Davis played the character Dottie Hinson.,"<think>

</think>

Answer: Dottie Hinson",True,0,0.0,预测答案明确指出了吉娜·戴维斯在电影《红粉联盟》中扮演的角色是Dottie Hinson，这与标准答案的核心信息完全一致，准确无误地回答了所提的问题。,N/A,N/A,N/A,N/A,N/A
"In A League of Their Own, who played the husband of the actress who played Thelma in Thelma and Louise?",Who played the husband of Dottie Hinson in the film A League of Their Own?,"Bill Pullman played Bob, the husband of Dottie Hinson.","</think>

Answer: Bill Pullman",True,0,0.0,预测答案“Bill Pullman”准确包含了标准答案中的核心关键信息，即扮演Dottie Hinson丈夫的演员名字。虽然预测答案省略了角色名Bob等细节，但已经正确且直接地回答了问题所问的主体，语义上与标准答案完全一致。,N/A,N/A,N/A,N/A,N/A
Who is the child of Chiang Hsiao-wen's father?,Who is Chiang Hsiao-wen's father?,Chiang Hsiao-wen's father is Chiang Ching-kuo.,"<think>

</think>

Chiang Ching-kuo",True,0,0.0,预测答案“Chiang Ching-kuo”直接且准确地给出了蒋孝文父亲的名字，与标准答案中的关键信息完全一致，正确地回答了所提出的问题。,N/A,N/A,N/A,N/A,N/A
"The actor who played Thelma in ""Thelma and Louise"" also played which character in ""A League of Their Own""?",Who played Thelma in the movie 'Thelma and Louise'?,Geena Davis played Thelma in the movie 'Thelma & Louise'.,Answer: Geena Davis played Thelma in the movie *Thelma and Louise*.,True,0.9333333333333333,0.0,预测答案准确地包含了标准答案中的关键信息，即“Geena Davis”出演了电影中的“Thelma”一角。两者在语义上完全等价，仅存在电影名称中连字符（& 和 and）的细微措辞差异，不影响整体意思的表达。,N/A,N/A,N/A,N/A,N/A
"The actor who played Thelma in ""Thelma and Louise"" also played which character in ""A League of Their Own""?",Which character did Geena Davis play in the movie 'A League of Their Own'?,Geena Davis played the character Dottie Hinson.,"<think>

</think>

Dottie Hinson",True,0,0.0,预测答案准确地给出了“Dottie Hinson”这一角色名称，与标准答案的核心信息完全一致，正确地回答了关于吉娜·戴维斯在电影《红粉联盟》中扮演角色的提问。,N/A,N/A,N/A,N/A,N/A
"What is the movie starring Preity Zinta, Madhuri Dixit and the spouse of Kajol?","Movies starring Preity Zinta, Madhuri Dixit, and Ajay Devgn","The movie 'Yeh Raaste Hain Pyaar Ke' (2001) stars Preity Zinta, Madhuri Dixit, and Ajay Devgn.","Answer: Preity Zinta, Madhuri Dixit, and Ajay Devgn starred together in the 2001 Indian Hindi romance film *Har Dil Jo Pyar Karega*.",False,0.6461538461538462,0.0,预测答案给出的电影名称是《Har Dil Jo Pyar Karega》，而标准答案明确指出这三位演员共同出演的电影是《Yeh Raaste Hain Pyaar Ke》。两者指代的电影名称不一致，预测答案未能包含标准答案的关键信息，因此回答错误。,N/A,N/A,N/A,N/A,N/A
The territory containing Bansaan Island is located at which island?,Where is Bansaan Island located?,"Bansaan Island is a boomerang-shaped island located off the mid-northern coast of Bohol Island, Philippines, and is part of the municipality of Talibon.","<think>

</think>

Bansaan Island is located off the mid-northern coast of Bohol Island and is part of the municipality of Talibon.",True,0,0.0,预测答案包含了标准答案中的核心地理位置信息，即位于保和岛中北部海岸外以及属于塔利邦市。尽管它省略了“菲律宾”以及“回旋镖形状”的描述性细节，但已经准确且充分地回答了关于该岛屿位置的问题，语义与标准答案一致。,N/A,N/A,N/A,N/A,N/A
In which district was Ernie Watts born?,Where was Ernie Watts born?,Woolhampton in Berkshire,"<think>

</think>

Answer: Woolhampton in Berkshire.",True,0,0.0,预测答案“Woolhampton in Berkshire”与标准答案完全一致，准确地给出了Ernie Watts的出生地，包含了所有关键信息，符合正确回答问题的标准。,N/A,N/A,N/A,N/A,N/A
In which county was James Finch born?,Where was James Finch born?,"Lynn Haven, Florida","</think>

Answer: Lynn Haven, Florida",True,0,0.0,"预测答案准确地给出了“Lynn Haven, Florida”这一地点信息，与标准答案完全一致。该回答直接且正确地回应了关于James Finch出生地的问题，语义上完全等价，没有任何遗漏或偏差。",N/A,N/A,N/A,N/A,N/A
In which county was James Finch born?,"Which county is Lynn Haven, Florida located in?",Bay County,"<think>

</think>

Answer: Lynn Haven, Florida is located in Bay County.",True,0,0.0,"预测答案明确指出了“Lynn Haven, Florida is located in Bay County”，这与标准答案“Bay County”在语义上完全等价，准确且直接地回答了问题所询问的县名。",N/A,N/A,N/A,N/A,N/A
Who was married to the star of No Escape?,Who starred in the movie No Escape?,"Valerie Hobson, Leslie Perrins, and Robert Cochran starred in the movie No Escape.","<think>

</think>

Valerie Hobson, Leslie Perrins, and Robert Cochran starred in the movie No Escape.",True,0,0.0,"预测答案与标准答案完全一致，准确地给出了电影《No Escape》的主演名单，包含了Valerie Hobson, Leslie Perrins和Robert Cochran等关键信息，完整且正确地回答了问题。",N/A,N/A,N/A,N/A,N/A
Who was married to the star of No Escape?,"Which of the actors from No Escape (Valerie Hobson, Leslie Perrins, or Robert Cochran) was married and to whom?",Valerie Hobson was married to John Profumo.,"<think>

</think>

Valerie Hobson; she was married to John Profumo.",True,0,0.0,预测答案明确指出了演员Valerie Hobson，并准确回答了她的结婚对象是John Profumo。这与标准答案的核心信息完全一致，语义上完全等价，正确地回答了问题。,N/A,N/A,N/A,N/A,N/A
Who is the other child of Chian Hsiao-chang's father?,Who is the father of Chian Hsiao-chang?,Chiang Ching-kuo,"<think>

</think>

Chiang Ching-kuo",True,0,0.0,预测答案“Chiang Ching-kuo”与标准答案完全一致，准确无误地指出了Chian Hsiao-chang的父亲是谁，包含了标准答案的全部关键信息，因此判定为正确。,N/A,N/A,N/A,N/A,N/A
Who is the other child of Chian Hsiao-chang's father?,What are all the children of Chiang Ching-kuo?,"Chiang Ching-kuo had four legitimate children with his wife Faina Ipatyevna Vakhreva (Chiang Fang-liang): Chiang Hsiao-wen (eldest son), Chiang Hsiao-chang (daughter), Chiang Hsiao-wu (second son), and Chiang Hsiao-yung (youngest son). He also had two half-brothers with other mothers: Winston Chang and John Chiang.","Answer: Chiang Ching-kuo's children include Chiang Hsiao-wen, Chiang Hsiao-chang, Chiang Hsiao-wu, Chiang Hsiao-yung, Winston Chang, and John Chiang.",True,0.6379310344827586,0.0,预测答案完整地列出了标准答案中提及的蒋经国的所有子女，包括蒋孝文、蒋孝章、蒋孝武、蒋孝勇以及章孝亚（Winston Chang）和蒋孝严（John Chiang）。虽然预测答案省略了关于他们母亲身份及婚生/非婚生等背景细节，但针对“所有子女是谁”这一核心问题，其包含的关键信息与标准答案完全一致，语义上等价。,N/A,N/A,N/A,N/A,N/A
In which county did Snappy Tomato Pizza form?,Where was Snappy Tomato Pizza founded?,"Fort Mitchell, Kentucky","Answer: Fort Mitchell, Kentucky",True,0.923076923076923,0.0,"预测答案“Fort Mitchell, Kentucky”与标准答案完全一致，包含了问题所询问的Snappy Tomato Pizza成立地点的全部关键信息，语义上完全等价，准确无误地回答了问题。",N/A,N/A,N/A,N/A,N/A
In which county did Snappy Tomato Pizza form?,"Which county is Fort Mitchell, Kentucky located in?",Kenton County,"<think>

</think>

Answer: Kenton County",False,0,0.0,"预测答案部分为空白，没有提供任何关于Fort Mitchell, Kentucky所在县的文字信息，因此未能回答问题，也不包含标准答案中的关键信息。",N/A,N/A,N/A,N/A,N/A
Where are the headquarters for the publisher of In the Shadow of Greatness?,Who is the publisher of In the Shadow of Greatness?,The United States Naval Institute,"<think>

</think>

The publisher of *In the Shadow of Greatness* is the United States Naval Institute.",True,0,0.0,预测答案明确指出了《In the Shadow of Greatness》的出版商是“The United States Naval Institute”，这与标准答案完全一致，准确无误地回答了问题。,N/A,N/A,N/A,N/A,N/A
Where are the headquarters for the publisher of In the Shadow of Greatness?,Where are the headquarters of the United States Naval Institute located?,"Annapolis, Maryland","Answer: Annapolis, Maryland",True,0.8571428571428571,0.0,"预测答案明确指出了“Annapolis, Maryland”，这与标准答案完全一致。虽然预测答案多出了“Answer: ”这样的前缀词，但这属于措辞上的细微差异，不影响核心语义，完全符合评估标准。",N/A,N/A,N/A,N/A,N/A
What political party was the socialist candidate part of who ran for president in 1912?,Who was the socialist candidate in the 1912 US presidential election?,Eugene V. Debs was the Socialist Party candidate in the 1912 US presidential election.,"<think>

</think>

Answer: Eugene V. Debs",True,0,0.0,预测答案准确地给出了“Eugene V. Debs”这一关键人名，与标准答案中的核心信息完全一致，正确地回答了关于1912年美国总统选举社会党候选人的问题。,N/A,N/A,N/A,N/A,N/A
Which county does Lloyd Dane's birthplace belong to?,Where was Lloyd Dane born?,"Lloyd Dane was born in Eldon, Missouri.","</think>

Lloyd Dane was born in Missouri.",False,0,0.0,预测答案只提到了密苏里州，而标准答案明确指出出生地是密苏里州的埃尔登。虽然包含了部分正确信息，但缺失了具体城市这一关键信息，因此不能算作完全正确。,N/A,N/A,N/A,N/A,N/A
Which county does Lloyd Dane's birthplace belong to?,"Which county does Eldon, Missouri belong to?",Miller County,"<think>

</think>

Answer: Miller County",True,0,0.0,"预测答案“Miller County”与标准答案完全一致，准确地回答了Eldon, Missouri所属的县名，包含了标准答案的所有关键信息，语义完全等价。",N/A,N/A,N/A,N/A,N/A
Who is the voice of the character in Spongebob Squarepants with the same name as the creature that annelid larvae live like?,What creature do annelid larvae live like?,Annelid larvae live like plankton.,Answer: plankton,True,0.5,0.0,预测答案“plankton”准确包含了标准答案中的核心关键信息。虽然预测答案省略了主语和谓语等修饰成分，但在语义上与标准答案完全等价，正确回答了问题所问的生物名称，符合评估标准。,N/A,N/A,N/A,N/A,N/A
Who is the voice of the character in Spongebob Squarepants with the same name as the creature that annelid larvae live like?,Which character in Spongebob Squarepants has the same name as the creature that annelid larvae live like (plankton)?,Plankton,Answer: Plankton,True,0.5,0.0,预测答案“Answer: Plankton”明确指出了角色名称“Plankton”，包含了标准答案的核心关键信息。前缀“Answer:”仅为格式上的修饰，不影响语义，两者在语义上完全等价，正确回答了问题。,N/A,N/A,N/A,N/A,N/A
Who is part of the band that performed Full Cooperation?,Who performed the song Full Cooperation?,The song 'Full Cooperation' was performed by the American hip hop group Def Squad.,"<think>

</think>

Def Squad",True,0,0.0,预测答案“Def Squad”准确给出了演唱歌曲《Full Cooperation》的艺人或团体名称，与标准答案的核心信息完全一致，正确地回答了问题。,N/A,N/A,N/A,N/A,N/A
Who is part of the band that performed Full Cooperation?,Who are the members of the American hip hop group Def Squad?,"The American hip hop group Def Squad consists of Erick Sermon, Redman, and Keith Murray. Jamal is considered an honorary member.","<think>

</think>

Def Squad is a rap supergroup consisting of Erick Sermon, Redman, and Keith Murray. Jamal is considered an honorary member.",True,0,0.0,"预测答案准确地列出了Def Squad的核心成员（Erick Sermon, Redman, 和 Keith Murray），同时也包含了荣誉成员Jamal的信息。这与标准答案在语义上完全等价，包含了所有关键信息，尽管在描述团体类型时使用了“rap supergroup”而非“hip hop group”，但这不影响答案的正确性。",N/A,N/A,N/A,N/A,N/A
What film features Anil Devgan's sibling?,Who is Anil Devgan's sibling?,Anil Devgan's sibling is Ajay Devgan.,"<think>

</think>

Ajay Devgan",True,0,0.0,预测答案“Ajay Devgan”直接给出了人名，与标准答案“Anil Devgan's sibling is Ajay Devgan.”中的核心实体信息完全一致。虽然预测答案省略了问题中的主语和关系等上下文词汇，但准确包含了标准答案的关键信息，在语义上完全等价，因此判定为正确。,N/A,N/A,N/A,N/A,N/A
What film features Anil Devgan's sibling?,Which films feature Ajay Devgan?,"The films featuring Ajay Devgan are: U Me Aur Hum, Yeh Raaste Hain Pyaar Ke, and Dil Kya Kare.","Answer: Ajay Devgan features in the films ""Har Dil Jo Pyar Karega,"" ""Dil Kya Kare,"" ""Yeh Raaste Hain Pyaar Ke,"" ""Raju Chacha,"" ""Blackmail,"" and ""U Me Aur Hum.""",True,0.71875,0.0,"预测答案不仅包含了标准答案中要求的所有关键电影名称（U Me Aur Hum, Yeh Raaste Hain Pyaar Ke, Dil Kya Kare），而且准确回答了关于Ajay Devgan出演电影的问题。虽然预测答案额外列出了一些其他电影，但这并不影响其完整包含标准答案的核心信息，语义上完全符合要求。",N/A,N/A,N/A,N/A,N/A
